π¯»£,¿€æ˜¿œΩ√,≥Øææ,¿€æ˜¡∂,∆Ø∞¯¿Œ∫Œ,∫∏≈Î¿Œ∫Œ
1,2016-01-01,∏º¿Ω,1¡∂,0,4
2,2016-01-02,∏º¿Ω,1¡∂,0,4
3,2016-01-03,∏º¿Ω,1¡∂,0,4
4,2016-01-04,∏º¿Ω,1¡∂,0,4
5,2016-01-04,∏º¿Ω,2¡∂,0,4
6,2016-01-04,∏º¿Ω,3¡∂,0,4
7,2016-01-05,∏º¿Ω,2¡∂,0,4
8,2016-01-05,∏º¿Ω,1¡∂,0,4
9,2016-01-05,∏º¿Ω,3¡∂,0,4
10,2016-01-06,∏º¿Ω,3¡∂,0,4
11,2016-01-06,∏º¿Ω,1¡∂,0,4
12,2016-01-06,∏º¿Ω,2¡∂,0,4
13,2016-01-07,∏º¿Ω,1¡∂,0,4
14,2016-01-07,∏º¿Ω,2¡∂,0,4
15,2016-01-07,∏º¿Ω,3¡∂,0,4
16,2016-01-08,∏º¿Ω,1¡∂,0,4
17,2016-01-08,∏º¿Ω,2¡∂,0,4
18,2016-01-08,∏º¿Ω,3¡∂,0,4
19,2016-01-09,∏º¿Ω,1¡∂,0,4
20,2016-01-10,∏º¿Ω,1¡∂,0,4
21,2016-01-11,∏º¿Ω,1¡∂,0,4
22,2016-01-11,∏º¿Ω,2¡∂,0,4
23,2016-01-11,∏º¿Ω,3¡∂,0,4
24,2016-01-12,∏º¿Ω,2¡∂,0,4
25,2016-01-12,∏º¿Ω,1¡∂,0,4
26,2016-01-12,∏º¿Ω,3¡∂,0,4
27,2016-01-13,∏º¿Ω,1¡∂,0,4
28,2016-01-13,∏º¿Ω,2¡∂,0,4
29,2016-01-13,∏º¿Ω,3¡∂,0,4
30,2016-01-14,∏º¿Ω,1¡∂,0,4
31,2016-01-14,∏º¿Ω,2¡∂,0,4
32,2016-01-14,∏º¿Ω,3¡∂,0,4
33,2016-01-15,∏º¿Ω,1¡∂,0,3
34,2016-01-15,∏º¿Ω,2¡∂,0,4
35,2016-01-15,∏º¿Ω,3¡∂,0,5
36,2016-01-16,∏º¿Ω,1¡∂,0,4
37,2016-01-17,∏º¿Ω,1¡∂,0,4
38,2016-01-18,∏º¿Ω,2¡∂,0,3
39,2016-01-18,∏º¿Ω,1¡∂,0,3
40,2016-01-18,∏º¿Ω,3¡∂,0,3
41,2016-01-19,∏º¿Ω,3¡∂,0,4
42,2016-01-19,∏º¿Ω,2¡∂,0,4
43,2016-01-19,∏º¿Ω,1¡∂,0,4
44,2016-01-20,»Â∏≤,1¡∂,0,4
45,2016-01-20,∏º¿Ω,2¡∂,0,4
46,2016-01-20,∏º¿Ω,3¡∂,0,4
47,2016-01-21,»Â∏≤,2¡∂,0,4
48,2016-01-21,»Â∏≤,3¡∂,0,4
49,2016-01-21,∏º¿Ω,1¡∂,0,4
50,2016-01-22,»Â∏≤,1¡∂,0,4
51,2016-01-22,∏º¿Ω,2¡∂,0,3
52,2016-01-22,∏º¿Ω,3¡∂,0,3
53,2016-01-23,∏º¿Ω,1¡∂,0,4
54,2016-01-24,∏º¿Ω,1¡∂,0,4
55,2016-01-25,∏º¿Ω,1¡∂,0,4
56,2016-01-25,∏º¿Ω,3¡∂,0,4
57,2016-01-25,∏º¿Ω,2¡∂,0,4
58,2016-01-26,∏º¿Ω,2¡∂,0,4
59,2016-01-26,∏º¿Ω,3¡∂,0,4
60,2016-01-27,∏º¿Ω,2¡∂,0,4
61,2016-01-27,∏º¿Ω,1¡∂,0,4
62,2016-01-27,∏º¿Ω,3¡∂,0,4
63,2016-01-28,∏º¿Ω,1¡∂,0,4
64,2016-01-28,∏º¿Ω,2¡∂,0,4
65,2016-01-29,¥´,1¡∂,0,8
66,2016-01-30,»Â∏≤,1¡∂,0,4
67,2016-01-30,»Â∏≤,2¡∂,0,3
68,2016-01-31,∏º¿Ω,1¡∂,0,4
69,2016-01-31,∏º¿Ω,2¡∂,0,4
70,2016-02-01,∏º¿Ω,1¡∂,0,5
71,2016-02-01,∏º¿Ω,2¡∂,0,4
72,2016-02-01,∏º¿Ω,3¡∂,0,4
73,2016-02-02,∏º¿Ω,1¡∂,0,3
74,2016-02-02,∏º¿Ω,2¡∂,0,4
75,2016-02-02,∏º¿Ω,3¡∂,0,4
76,2016-02-02,∏º¿Ω,4¡∂,0,3
77,2016-02-03,∏º¿Ω,4¡∂,0,3
78,2016-02-03,∏º¿Ω,2¡∂,0,3
79,2016-02-03,∏º¿Ω,3¡∂,0,3
80,2016-02-03,∏º¿Ω,1¡∂,0,3
81,2016-02-04,∏º¿Ω,1¡∂,0,3
82,2016-02-04,∏º¿Ω,2¡∂,0,4
83,2016-02-04,∏º¿Ω,3¡∂,0,3
84,2016-02-04,∏º¿Ω,4¡∂,0,3
85,2016-02-05,∏º¿Ω,1¡∂,0,3
86,2016-02-05,∏º¿Ω,2¡∂,0,4
87,2016-02-05,∏º¿Ω,3¡∂,0,6
88,2016-02-06,∏º¿Ω,1¡∂,1,4
89,2016-02-07,∏º¿Ω,2¡∂,1,4
90,2016-02-09,∏º¿Ω,1¡∂,0,4
91,2016-02-10,∏º¿Ω,2¡∂,0,4
92,2016-02-11,»Â∏≤,1¡∂,0,3
93,2016-02-11,∏º¿Ω,2¡∂,0,4
94,2016-02-11,∏º¿Ω,3¡∂,0,3
95,2016-02-11,»Â∏≤,4¡∂,0,3
96,2016-02-12,∫Ò,1¡∂,0,3
97,2016-02-12,∫Ò,2¡∂,0,3
98,2016-02-12,∫Ò,3¡∂,0,3
99,2016-02-12,∫Ò,4¡∂,0,3
100,2016-02-13,"∫Ò,»Â∏≤",4¡∂,1,4
101,2016-02-14,∏º¿Ω,4¡∂,1,4
102,2016-02-15,∏º¿Ω,2¡∂,1,4
103,2016-02-15,∏º¿Ω,1¡∂,1,4
104,2016-02-15,∏º¿Ω,3¡∂,1,4
105,2016-02-16,»Â∏≤,3¡∂,0,0
106,2016-02-16,∏º¿Ω,2¡∂,1,3
107,2016-02-16,∏º¿Ω,1¡∂,1,3
108,2016-02-17,∏º¿Ω,1¡∂,1,3
109,2016-02-17,∏º¿Ω,2¡∂,1,4
110,2016-02-18,∏º¿Ω,1¡∂,1,3
111,2016-02-18,∏º¿Ω,2¡∂,1,4
112,2016-02-19,∏º¿Ω,2¡∂,1,4
113,2016-02-19,∏º¿Ω,1¡∂,1,3
114,2016-02-20,∏º¿Ω,2¡∂,1,4
115,2016-02-21,∏º¿Ω,3¡∂,0,4
116,2016-02-22,»Â∏≤,1¡∂,1,3
117,2016-02-22,∏º¿Ω,2¡∂,1,3
118,2016-02-23,∏º¿Ω,1¡∂,1,3
119,2016-02-23,∏º¿Ω,2¡∂,1,3
120,2016-02-25,∏º¿Ω,3¡∂,0,4
121,2016-02-24,»Â∏≤,3¡∂,0,4
122,2016-02-23,»Â∏≤,3¡∂,0,6
123,2016-02-22,»Â∏≤,3¡∂,0,0
124,2016-02-19,»Â∏≤,3¡∂,0,6
125,2016-02-18,∏º¿Ω,3¡∂,0,6
126,2016-02-17,∏º¿Ω,3¡∂,0,6
127,2016-02-24,∏º¿Ω,1¡∂,1,3
128,2016-02-24,∏º¿Ω,2¡∂,1,3
129,2016-02-25,∏º¿Ω,1¡∂,1,3
130,2016-02-25,∏º¿Ω,2¡∂,1,3
131,2016-02-26,»Â∏≤,1¡∂,1,3
132,2016-02-26,∏º¿Ω,2¡∂,1,3
133,2016-02-26,»Â∏≤,3¡∂,0,4
134,2016-02-27,∏º¿Ω,1¡∂,0,3
135,2016-02-27,∏º¿Ω,2¡∂,0,3
136,2016-02-28,∏º¿Ω,1¡∂,1,4
137,2016-02-29,∏º¿Ω,1¡∂,1,3
138,2016-02-29,∏º¿Ω,2¡∂,1,3
139,2016-02-29,∏º¿Ω,3¡∂,0,4
140,2016-02-29,∏º¿Ω,4¡∂,0,3
141,2016-03-01,∏º¿Ω,±‚≈∏,0,4
142,2016-03-02,∏º¿Ω,3¡∂,0,3
143,2016-03-03,∏º¿Ω,1¡∂,1,4
144,2016-03-02,∏º¿Ω,4¡∂,0,3
145,2016-03-03,∏º¿Ω,2¡∂,1,4
146,2016-03-03,∏º¿Ω,3¡∂,0,4
147,2016-03-02,∏º¿Ω,1¡∂,1,4
148,2016-03-02,∏º¿Ω,2¡∂,1,4
149,2016-03-04,∫Ò,2¡∂,1,4
150,2016-03-04,∫Ò,1¡∂,1,3
151,2016-03-05,»Â∏≤,3¡∂,0,3
152,2016-03-05,»Â∏≤,1¡∂,1,3
153,2016-03-06,∏º¿Ω,±‚≈∏,0,3
154,2016-03-10,∏º¿Ω,4¡∂,0,3
155,2016-03-10,∏º¿Ω,3¡∂,0,3
156,2016-03-10,∏º¿Ω,2¡∂,1,4
157,2016-03-10,∏º¿Ω,1¡∂,1,3
158,2016-03-06,∏º¿Ω,1,0,3
159,2016-03-09,∏º¿Ω,1¡∂,1,3
160,2016-03-07,∏º¿Ω,4¡∂,0,3
161,2016-03-09,∏º¿Ω,2¡∂,1,3
162,2016-03-09,∏º¿Ω,3¡∂,0,3
163,2016-03-09,∏º¿Ω,4¡∂,0,3
164,2016-03-11,∏º¿Ω,1¡∂,1,5
165,2016-03-07,∏º¿Ω,3¡∂,0,3
166,2016-03-07,∏º¿Ω,2¡∂,1,4
167,2016-03-11,∏º¿Ω,2¡∂,1,4
168,2016-03-07,∏º¿Ω,1¡∂,1,3
169,2016-03-11,∏º¿Ω,3¡∂,0,4
170,2016-03-08,»Â∏≤,2¡∂,1,4
171,2016-03-08,»Â∏≤,3¡∂,0,3
172,2016-03-08,»Â∏≤,1¡∂,1,3
173,2016-03-08,»Â∏≤,4¡∂,0,3
174,2016-03-12,∏º¿Ω,1¡∂,1,4
175,2016-03-14,∏º¿Ω,1¡∂,1,3
176,2016-03-15,∏º¿Ω,1¡∂,1,3
177,2016-03-16,∏º¿Ω,2¡∂,1,3
178,2016-03-15,∏º¿Ω,2¡∂,1,4
179,2016-03-14,∏º¿Ω,2¡∂,1,4
180,2016-03-13,»Â∏≤,1¡∂,1,4
181,2016-03-16,∏º¿Ω,1¡∂,1,4
182,2016-03-17,∏º¿Ω,1,1,3
183,2016-03-17,∏º¿Ω,2¡∂,1,3
184,2016-03-18,∫Ò,1¡∂,1,3
185,2016-03-18,∫Ò,2¡∂,1,4
186,2016-03-18,∫Ò,3¡∂,0,3
187,2016-03-18,∫Ò,4¡∂,0,3
188,2016-03-19,∏º¿Ω,1,0,4
189,2016-03-20,»Â∏≤,1¡∂,1,4
190,2016-03-19,∏º¿Ω,2¡∂,0,4
191,2016-03-21,∏º¿Ω,1¡∂,0,3
192,2016-03-21,∏º¿Ω,2¡∂,1,4
193,2016-03-22,∏º¿Ω,2¡∂,1,3
194,2016-03-22,∏º¿Ω,1¡∂,1,3
195,2016-03-23,∏º¿Ω,1¡∂,1,3
196,2016-03-23,∏º¿Ω,2¡∂,1,4
197,2016-03-24,∏º¿Ω,1¡∂,1,3
198,2016-03-24,∏º¿Ω,2¡∂,1,4
199,2016-03-25,»Â∏≤,1¡∂,1,3
200,2016-03-26,∏º¿Ω,1¡∂,0,4
201,2016-03-27,∏º¿Ω,1¡∂,0,4
202,2016-03-25,∏º¿Ω,2¡∂,1,4
203,2016-03-25,∏º¿Ω,3¡∂,0,3
204,2016-03-28,∏º¿Ω,2¡∂,1,4
205,2016-03-28,∏º¿Ω,1¡∂,0,3
206,2016-03-29,∏º¿Ω,2¡∂,1,4
207,2016-03-29,∏º¿Ω,1¡∂,1,3
208,2016-03-30,∏º¿Ω,2¡∂,1,4
209,2016-03-30,∏º¿Ω,1¡∂,1,3
210,2016-03-31,∏º¿Ω,2¡∂,1,3
211,2016-03-31,∏º¿Ω,1¡∂,1,3
212,2016-04-01,∏º¿Ω,2¡∂,1,4
213,2016-04-01,∏º¿Ω,1¡∂,1,3
214,2016-04-02,∏º¿Ω,1¡∂,1,4
215,2016-04-03,∫Ò,2¡∂,1,4
216,2016-04-04,»Â∏≤,2¡∂,1,4
217,2016-04-04,»Â∏≤,4¡∂,0,3
218,2016-04-04,»Â∏≤,3¡∂,0,3
219,2016-04-04,»Â∏≤,1¡∂,1,3
220,2016-04-03,∏º¿Ω,1¡∂,0,4
221,2016-04-05,∏º¿Ω,2¡∂,1,4
222,2016-04-05,∏º¿Ω,1¡∂,1,4
223,2016-04-06,∏º¿Ω,1¡∂,1,4
224,2016-04-06,∏º¿Ω,2¡∂,1,4
225,2016-04-07,"∫Ò,»Â∏≤",2¡∂,1,4
226,2016-04-07,"∫Ò,»Â∏≤",3¡∂,0,3
227,2016-04-07,"∫Ò,»Â∏≤",4¡∂,0,3
228,2016-04-08,∏º¿Ω,2¡∂,1,4
229,2016-04-08,∏º¿Ω,3¡∂,0,3
230,2016-04-08,∏º¿Ω,4¡∂,0,3
231,2016-04-10,∏º¿Ω,2¡∂,1,4
232,2016-04-11,∏º¿Ω,2¡∂,1,4
233,2016-04-07,"∫Ò,»Â∏≤",1¡∂,1,4
234,2016-04-08,∏º¿Ω,1¡∂,0,4
235,2016-04-09,∏º¿Ω,±‚≈∏,0,4
236,2016-04-11,∏º¿Ω,1¡∂,0,4
237,2016-04-12,∏º¿Ω,1¡∂,0,3
238,2016-04-12,∏º¿Ω,2¡∂,1,4
239,2016-04-13,∫Ò,1¡∂,1,4
240,2016-04-14,∏º¿Ω,1¡∂,1,3
241,2016-04-14,∏º¿Ω,2¡∂,1,4
242,2016-04-14,∏º¿Ω,3¡∂,0,3
243,2016-04-14,∏º¿Ω,4¡∂,0,3
244,2016-04-15,∏º¿Ω,2¡∂,1,3
245,2016-04-15,∏º¿Ω,1¡∂,1,3
246,2016-04-15,∏º¿Ω,3¡∂,0,3
247,2016-04-16,»Â∏≤,2¡∂,0,4
248,2016-04-16,"∫Ò,»Â∏≤",1¡∂,0,4
249,2016-04-17,∏º¿Ω,±‚≈∏,0,4
250,2016-04-18,∏º¿Ω,2¡∂,1,4
251,2016-04-19,∏º¿Ω,2¡∂,1,4
252,2016-04-19,∏º¿Ω,3¡∂,0,3
253,2016-04-19,∏º¿Ω,4¡∂,0,3
254,2016-04-17,∏º¿Ω,1¡∂,0,4
255,2016-04-18,∏º¿Ω,1¡∂,0,4
256,2016-04-20,∏º¿Ω,2¡∂,1,4
257,2016-04-20,»Â∏≤,3¡∂,0,4
258,2016-04-19,∏º¿Ω,1¡∂,1,4
259,2016-04-20,»Â∏≤,1¡∂,1,4
260,2016-04-21,"∫Ò,»Â∏≤",2¡∂,1,4
261,2016-04-21,∫Ò,1¡∂,1,4
262,2016-04-22,∏º¿Ω,1¡∂,0,4
263,2016-04-22,∏º¿Ω,2¡∂,1,4
264,2016-04-23,∏º¿Ω,1¡∂,0,4
265,2016-04-22,∏º¿Ω,3¡∂,0,3
266,2016-04-24,∏º¿Ω,1¡∂,1,4
267,2016-04-22,∏º¿Ω,4¡∂,0,3
268,2016-04-25,∏º¿Ω,2¡∂,1,4
269,2016-04-25,∏º¿Ω,1¡∂,1,4
270,2016-04-27,∫Ò,1¡∂,1,4
271,2016-04-26,∏º¿Ω,±‚≈∏,1,4
272,2016-04-28,"∫Ò,»Â∏≤",1¡∂,1,4
273,2016-04-27,∫Ò,3¡∂,0,3
274,2016-04-28,"∫Ò,»Â∏≤",3¡∂,0,3
275,2016-04-27,∫Ò,2¡∂,1,4
276,2016-04-27,∫Ò,4¡∂,0,3
277,2016-04-29,∏º¿Ω,1¡∂,1,4
278,2016-04-28,»Â∏≤,4¡∂,0,3
279,2016-04-28,»Â∏≤,2¡∂,1,4
280,2016-04-29,∏º¿Ω,2¡∂,1,4
281,2016-05-01,∏º¿Ω,±‚≈∏,0,4
282,2016-05-02,∏º¿Ω,2¡∂,1,4
283,2016-04-30,∏º¿Ω,±‚≈∏,0,4
284,2016-05-02,»Â∏≤,1¡∂,1,4
285,2016-05-03,∫Ò,1¡∂,1,4
286,2016-05-04,∏º¿Ω,1¡∂,0,4
287,2016-05-07,∏º¿Ω,1¡∂,1,4
288,2016-05-03,∫Ò,2¡∂,1,4
289,2016-05-04,∏º¿Ω,2¡∂,1,4
290,2016-05-05,∏º¿Ω,1¡∂,0,4
291,2016-05-06,»Â∏≤,2¡∂,0,4
292,2016-05-08,»Â∏≤,2¡∂,1,4
293,2016-05-09,∏º¿Ω,1¡∂,1,4
294,2016-05-09,∏º¿Ω,2¡∂,1,4
295,2016-05-10,∫Ò,2¡∂,1,4
296,2016-05-10,∫Ò,3¡∂,0,3
297,2016-05-10,∫Ò,4¡∂,0,3
298,2016-05-03,∫Ò,3¡∂,0,3
299,2016-05-03,"∫Ò,∏º¿Ω",4¡∂,0,3
300,2016-05-10,∫Ò,1¡∂,1,4
301,2016-05-11,∏º¿Ω,1¡∂,1,3
302,2016-05-11,∏º¿Ω,3¡∂,0,3
303,2016-05-11,∏º¿Ω,2¡∂,1,4
304,2016-05-12,∏º¿Ω,1,0,4
305,2016-05-13,»Â∏≤,1¡∂,0,4
306,2016-05-12,∏º¿Ω,2¡∂,1,4
307,2016-05-13,∏º¿Ω,2¡∂,1,4
308,2016-05-14,∏º¿Ω,1,0,4
309,2016-05-15,»Â∏≤,±‚≈∏,1,4
310,2016-05-16,∫Ò,1,1,4
311,2016-05-16,"∫Ò,∏º¿Ω",2¡∂,1,4
312,2016-05-16,∫Ò,3¡∂,0,3
313,2016-05-17,∏º¿Ω,1¡∂,1,4
314,2016-05-18,∏º¿Ω,1¡∂,1,4
315,2016-05-17,∏º¿Ω,2¡∂,1,4
316,2016-05-18,∏º¿Ω,2¡∂,0,4
317,2016-05-19,∏º¿Ω,2¡∂,1,4
318,2016-05-19,∏º¿Ω,1¡∂,1,4
319,2016-05-20,∏º¿Ω,1¡∂,1,4
320,2016-05-20,∏º¿Ω,2¡∂,1,3
321,2016-05-21,∏º¿Ω,1,1,4
322,2016-05-23,∏º¿Ω,1,1,4
323,2016-05-22,∏º¿Ω,±‚≈∏,1,4
324,2016-05-23,∏º¿Ω,2¡∂,1,4
325,2016-05-24,∫Ò,2¡∂,1,4
326,2016-05-24,∫Ò,1¡∂,1,4
327,2016-05-24,∫Ò,3¡∂,0,4
328,2016-05-25,∏º¿Ω,1¡∂,1,4
329,2016-05-25,∏º¿Ω,2¡∂,1,4
330,2016-05-25,∏º¿Ω,3¡∂,0,4
331,2016-05-26,∏º¿Ω,2¡∂,1,4
332,2016-05-26,∏º¿Ω,1¡∂,1,4
333,2016-05-27,∏º¿Ω,2¡∂,1,4
334,2016-05-27,∏º¿Ω,1¡∂,1,4
335,2016-05-30,∏º¿Ω,1¡∂,1,4
336,2016-05-28,»Â∏≤,2¡∂,0,4
337,2016-05-29,»Â∏≤,∆˜¿Â∫∏ºˆ¡∂,0,4
338,2016-05-30,∏º¿Ω,2¡∂,1,4
339,2016-05-30,∏º¿Ω,3¡∂,0,3
340,2016-05-31,∏º¿Ω,2¡∂,1,4
341,2016-05-31,∏º¿Ω,1,1,4
342,2016-06-01,∏º¿Ω,2¡∂,1,3
343,2016-06-02,∏º¿Ω,2¡∂,1,3
344,2016-06-01,∏º¿Ω,1,0,4
345,2016-06-02,∏º¿Ω,1,1,4
346,2016-06-03,∏º¿Ω,2¡∂,1,3
347,2016-06-03,∏º¿Ω,1,1,4
348,2016-06-04,∫Ò,1,1,4
349,2016-06-07,∏º¿Ω,1¡∂,1,4
350,2016-06-08,»Â∏≤,3¡∂,0,4
351,2016-06-08,∫Ò,1¡∂,1,4
352,2016-06-05,∏º¿Ω,2¡∂,1,4
353,2016-06-06,∫Ò,±‚≈∏,0,4
354,2016-06-07,∏º¿Ω,2¡∂,0,3
355,2016-06-08,"∫Ò,»Â∏≤",2¡∂,1,3
356,2016-06-09,∏º¿Ω,2¡∂,1,3
357,2016-06-09,»Â∏≤,1¡∂,1,4
358,2016-06-10,∏º¿Ω,1¡∂,1,4
359,2016-06-13,∏º¿Ω,1¡∂,1,4
360,2016-06-10,∏º¿Ω,2¡∂,0,4
361,2016-06-13,∏º¿Ω,3¡∂,0,5
362,2016-06-11,∏º¿Ω,±‚≈∏,0,3
363,2016-06-12,»Â∏≤,±‚≈∏,0,4
364,2016-06-13,∏º¿Ω,2¡∂,1,4
365,2016-06-14,∏º¿Ω,2¡∂,1,4
366,2016-06-14,∏º¿Ω,3¡∂,0,4
367,2016-06-15,∏º¿Ω,2¡∂,1,4
368,2016-06-15,»Â∏≤,3¡∂,0,3
369,2016-06-14,∏º¿Ω,1¡∂,1,4
370,2016-06-15,»Â∏≤,1¡∂,1,4
371,2016-06-16,»Â∏≤,3¡∂,0,4
372,2016-06-16,∏º¿Ω,2¡∂,1,4
373,2016-06-16,»Â∏≤,1¡∂,0,4
374,2016-06-17,∏º¿Ω,1¡∂,1,3
375,2016-06-17,∏º¿Ω,3¡∂,0,4
376,2016-06-17,∏º¿Ω,2¡∂,1,4
377,2016-06-20,»Â∏≤,1¡∂,1,4
378,2016-06-18,∏º¿Ω,±‚≈∏,0,4
379,2016-06-19,∏º¿Ω,±‚≈∏,0,4
380,2016-06-20,∏º¿Ω,2¡∂,1,4
381,2016-06-21,»Â∏≤,1¡∂,1,4
382,2016-06-21,»Â∏≤,2¡∂,1,4
383,2016-06-22,"∫Ò,∏º¿Ω",1¡∂,1,4
384,2016-06-22,»Â∏≤,2¡∂,1,4
385,2016-06-23,∏º¿Ω,2¡∂,1,4
386,2016-06-23,∏º¿Ω,1¡∂,1,4
387,2016-06-24,∫Ò,4¡∂,0,3
388,2016-06-24,∫Ò,3¡∂,0,3
389,2016-06-24,∫Ò,1¡∂,1,4
390,2016-06-24,∫Ò,2¡∂,1,0
391,2016-06-27,∏º¿Ω,2¡∂,1,4
392,2016-06-27,»Â∏≤,3¡∂,0,4
393,2016-06-25,∏º¿Ω,1¡∂,1,4
394,2016-06-28,∏º¿Ω,2¡∂,1,4
395,2016-06-28,∏º¿Ω,3¡∂,0,4
396,2016-06-26,∏º¿Ω,1¡∂,0,4
397,2016-06-27,»Â∏≤,1¡∂,0,4
398,2016-06-28,»Â∏≤,1¡∂,1,4
399,2016-06-29,»Â∏≤,2¡∂,1,4
400,2016-06-29,»Â∏≤,1,1,4
401,2016-06-30,∏º¿Ω,2¡∂,1,4
402,2016-07-01,"∫Ò,»Â∏≤",2¡∂,1,3
403,2016-07-01,∫Ò,3¡∂,0,3
404,2016-07-01,"∫Ò,»Â∏≤",4¡∂,0,3
405,2016-07-01,∫Ò,1¡∂,1,4
406,2016-07-03,"∫Ò,»Â∏≤",±‚≈∏,0,4
407,2016-07-04,∫Ò,3¡∂,0,3
408,2016-07-02,∫Ò,1¡∂,0,4
409,2016-07-03,,1¡∂,1,4
410,2016-07-04,∫Ò,1¡∂,1,4
411,2016-07-04,∫Ò,4¡∂,0,3
412,2016-07-05,∏º¿Ω,3¡∂,0,3
413,2016-07-05,»Â∏≤,4¡∂,0,3
414,2016-07-02,»Â∏≤,2¡∂,1,4
415,2016-07-04,"∫Ò,»Â∏≤",2¡∂,1,3
416,2016-07-05,»Â∏≤,2¡∂,1,4
417,2016-07-06,∫Ò,3¡∂,0,3
418,2016-07-06,"∫Ò,»Â∏≤",4¡∂,0,3
419,2016-07-06,"∫Ò,»Â∏≤",2¡∂,1,4
420,2016-07-05,∫Ò,1¡∂,1,4
421,2016-07-06,∫Ò,1¡∂,0,4
422,2016-07-07,∏º¿Ω,1¡∂,0,4
423,2016-07-08,∏º¿Ω,1¡∂,1,4
424,2016-07-09,∏º¿Ω,1¡∂,0,4
425,2016-07-11,»Â∏≤,1¡∂,1,4
426,2016-07-11,"∫Ò,»Â∏≤",3¡∂,0,4
427,2016-07-07,∏º¿Ω,2¡∂,1,4
428,2016-07-08,∏º¿Ω,2¡∂,0,4
429,2016-07-10,∏º¿Ω,2¡∂,0,4
430,2016-07-11,»Â∏≤,2¡∂,0,4
431,2016-07-12,∏º¿Ω,2¡∂,1,4
432,2016-07-12,∏º¿Ω,3¡∂,0,3
433,2016-07-12,»Â∏≤,4¡∂,0,3
434,2016-07-13,∏º¿Ω,2¡∂,1,4
435,2016-07-14,∏º¿Ω,2¡∂,1,4
436,2016-07-12,»Â∏≤,1¡∂,1,4
437,2016-07-13,»Â∏≤,1¡∂,0,4
438,2016-07-14,»Â∏≤,1¡∂,1,4
439,2016-07-15,»Â∏≤,1¡∂,1,4
440,2016-07-15,∏º¿Ω,2¡∂,1,4
441,2016-07-16,∫Ò,1¡∂,1,4
442,2016-07-17,»Â∏≤,±‚≈∏,1,4
443,2016-07-18,∏º¿Ω,2¡∂,1,4
444,2016-07-18,∏º¿Ω,1¡∂,1,4
445,2016-07-19,∏º¿Ω,2¡∂,1,4
446,2016-07-19,»Â∏≤,1¡∂,1,4
447,2016-07-20,∏º¿Ω,2¡∂,1,4
448,2016-07-20,∏º¿Ω,1¡∂,1,4
449,2016-07-21,∏º¿Ω,2¡∂,1,3
450,2016-07-21,∏º¿Ω,1¡∂,1,4
451,2016-07-22,∏º¿Ω,1¡∂,1,4
452,2016-07-23,∏º¿Ω,1¡∂,0,4
453,2016-07-24,∏º¿Ω,1¡∂,1,4
454,2016-07-22,∏º¿Ω,2¡∂,1,4
455,2016-07-25,∏º¿Ω,2¡∂,1,4
456,2016-07-25,»Â∏≤,1¡∂,1,4
457,2016-07-26,∏º¿Ω,1¡∂,1,4
458,2016-07-26,∏º¿Ω,2¡∂,1,4
459,2016-07-27,∏º¿Ω,2¡∂,1,4
460,2016-07-27,∏º¿Ω,1¡∂,1,4
461,2016-07-28,∏º¿Ω,2¡∂,1,4
462,2016-07-28,∏º¿Ω,1¡∂,1,4
463,2016-07-29,∏º¿Ω,2¡∂,1,4
464,2016-07-30,∏º¿Ω,∆˜¿Â∫∏ºˆ¡∂,1,4
465,2016-07-29,∏º¿Ω,1¡∂,0,4
466,2016-07-31,∏º¿Ω,1¡∂,0,4
467,2016-08-01,∏º¿Ω,1¡∂,1,4
468,2016-08-02,»Â∏≤,1¡∂,1,4
469,2016-08-03,∏º¿Ω,1¡∂,1,4
470,2016-08-04,∏º¿Ω,1¡∂,1,4
471,2016-08-05,∏º¿Ω,1¡∂,0,4
472,2016-08-07,∏º¿Ω,±‚≈∏,0,4
473,2016-08-08,∏º¿Ω,1¡∂,1,4
474,2016-08-01,∏º¿Ω,2¡∂,0,3
475,2016-08-02,∏º¿Ω,2¡∂,0,4
476,2016-08-03,∏º¿Ω,2¡∂,0,4
477,2016-08-04,∏º¿Ω,2¡∂,1,3
478,2016-08-05,∏º¿Ω,2¡∂,1,3
479,2016-08-06,∏º¿Ω,±‚≈∏,1,4
480,2016-08-08,∏º¿Ω,2¡∂,1,3
481,2016-08-09,∏º¿Ω,1,1,4
482,2016-08-10,∏º¿Ω,1,1,4
483,2016-08-11,∏º¿Ω,1¡∂,1,4
484,2016-08-09,∏º¿Ω,2¡∂,1,4
485,2016-08-10,∏º¿Ω,2¡∂,1,4
486,2016-08-11,∏º¿Ω,2¡∂,1,4
487,2016-08-12,∏º¿Ω,1¡∂,1,4
488,2016-08-12,∏º¿Ω,2¡∂,1,4
489,2016-08-13,∏º¿Ω,1¡∂,1,4
490,2016-08-14,∏º¿Ω,±‚≈∏,0,4
491,2016-08-15,∏º¿Ω,±‚≈∏,0,4
492,2016-08-16,∏º¿Ω,2¡∂,1,3
493,2016-08-16,∏º¿Ω,1¡∂,1,4
494,2016-08-17,∏º¿Ω,2¡∂,1,3
495,2016-08-17,∏º¿Ω,1¡∂,1,4
496,2016-08-18,∏º¿Ω,1¡∂,1,4
497,2016-08-18,∏º¿Ω,2¡∂,1,3
498,2016-08-19,∏º¿Ω,1¡∂,1,4
499,2016-08-19,∏º¿Ω,2¡∂,1,3
500,2016-08-20,∏º¿Ω,2¡∂,0,4
501,2016-08-22,∏º¿Ω,2¡∂,1,4
502,2016-08-21,∏º¿Ω,1¡∂,0,4
503,2016-08-22,∏º¿Ω,1¡∂,1,4
504,2016-08-23,∏º¿Ω,1¡∂,1,4
505,2016-08-23,∏º¿Ω,2¡∂,1,4
506,2016-08-24,∏º¿Ω,2¡∂,1,4
507,2016-08-25,∏º¿Ω,2¡∂,1,4
508,2016-08-26,»Â∏≤,2¡∂,1,4
509,2016-08-27,∏º¿Ω,±‚≈∏,1,4
510,2016-08-24,∏º¿Ω,1¡∂,1,4
511,2016-08-25,∏º¿Ω,1¡∂,0,4
512,2016-08-26,∏º¿Ω,1¡∂,0,4
513,2016-08-29,∏º¿Ω,1¡∂,1,4
514,2016-08-28,∫Ò,±‚≈∏,0,4
515,2016-08-29,∏º¿Ω,2¡∂,1,4
516,2016-08-30,»Â∏≤,1¡∂,1,4
517,2016-08-30,∏º¿Ω,2¡∂,1,4
518,2016-08-31,∏º¿Ω,1¡∂,1,4
519,2016-09-01,,1,0,4
520,2016-08-31,∏º¿Ω,2¡∂,0,4
521,2016-09-02,∫Ò,1¡∂,1,4
522,2016-09-03,∫Ò,1¡∂,0,4
523,2016-09-04,∏º¿Ω,1¡∂,0,4
524,2016-09-01,∏º¿Ω,2¡∂,0,4
525,2016-09-02,∫Ò,2¡∂,1,4
526,2016-09-03,∫Ò,±‚≈∏,1,4
527,2016-09-05,"∫Ò,∏º¿Ω",2¡∂,1,3
528,2016-09-05,"∫Ò,∏º¿Ω",1¡∂,1,4
529,2016-09-06,∏º¿Ω,2¡∂,1,3
530,2016-09-06,»Â∏≤,1¡∂,1,4
531,2016-09-07,»Â∏≤,2¡∂,1,4
532,2016-09-07,»Â∏≤,1¡∂,0,4
533,2016-09-08,∏º¿Ω,2¡∂,1,4
534,2016-09-08,∏º¿Ω,1¡∂,1,4
535,2016-09-09,∏º¿Ω,1¡∂,1,4
536,2016-09-09,∏º¿Ω,2¡∂,1,4
537,2016-09-10,»Â∏≤,1¡∂,1,4
538,2016-09-11,∏º¿Ω,±‚≈∏,0,4
539,2016-09-12,∫Ò,2¡∂,1,4
540,2016-09-13,∏º¿Ω,2¡∂,1,4
541,2016-09-14,∏º¿Ω,±‚≈∏,1,4
542,2016-09-12,∫Ò,1¡∂,1,4
543,2016-09-16,∫Ò,1¡∂,1,4
544,2016-09-13,∏º¿Ω,1¡∂,1,4
545,2016-09-17,∫Ò,±‚≈∏,0,2
546,2016-09-18,∫Ò,1¡∂,0,4
547,2016-09-18,∫Ò,2¡∂,0,4
548,2016-09-19,∏º¿Ω,2¡∂,1,3
549,2016-09-19,∏º¿Ω,3¡∂,0,3
550,2016-09-19,»Â∏≤,1¡∂,1,4
551,2016-09-20,∏º¿Ω,2¡∂,1,4
552,2016-09-20,∏º¿Ω,1¡∂,1,4
553,2016-09-21,∏º¿Ω,1¡∂,1,4
554,2016-09-21,∏º¿Ω,2¡∂,1,4
555,2016-09-22,»Â∏≤,2¡∂,0,4
556,2016-09-23,∏º¿Ω,2¡∂,1,4
557,2016-09-22,»Â∏≤,1¡∂,1,4
558,2016-09-23,∏º¿Ω,1¡∂,0,4
559,2016-09-24,,1¡∂,1,4
560,2016-09-25,∏º¿Ω,2¡∂,1,4
561,2016-09-26,"∫Ò,»Â∏≤",1¡∂,1,4
562,2016-09-26,"∫Ò,»Â∏≤",∆˜¿Â∫∏ºˆ¡∂,0,4
563,2016-09-26,»Â∏≤,2¡∂,1,4
564,2016-09-27,»Â∏≤,1¡∂,1,4
565,2016-09-28,∫Ò,1¡∂,1,4
566,2016-09-28,"∫Ò,»Â∏≤",2¡∂,1,4
567,2016-09-27,»Â∏≤,4¡∂,0,3
568,2016-09-27,∏º¿Ω,3¡∂,0,3
569,2016-09-27,»Â∏≤,2¡∂,1,4
570,2016-09-29,»Â∏≤,1¡∂,1,4
571,2016-09-30,∫Ò,1¡∂,1,3
572,2016-10-01,»Â∏≤,1¡∂,1,4
573,2016-09-29,"∫Ò,»Â∏≤",2¡∂,0,4
574,2016-09-30,»Â∏≤,2¡∂,0,4
575,2016-10-02,∏º¿Ω,±‚≈∏,1,4
576,2016-10-03,"∫Ò,∏º¿Ω",±‚≈∏,0,4
577,2016-10-04,»Â∏≤,1¡∂,1,4
578,2016-10-05,∫Ò,1¡∂,1,4
579,2016-10-04,"∫Ò,∏º¿Ω",2¡∂,1,4
580,2016-10-06,∏º¿Ω,1¡∂,1,4
581,2016-10-06,∏º¿Ω,2¡∂,0,4
582,2016-10-05,∫Ò,3¡∂,0,3
583,2016-10-05,"∫Ò,∏º¿Ω",4¡∂,0,3
584,2016-10-05,∫Ò,2¡∂,1,4
585,2016-10-07,»Â∏≤,2¡∂,1,4
586,2016-10-07,»Â∏≤,1¡∂,0,4
587,2016-10-10,»Â∏≤,1¡∂,1,4
588,2016-10-08,∫Ò,±‚≈∏,0,4
589,2016-10-11,»Â∏≤,1¡∂,1,4
590,2016-10-09,∏º¿Ω,±‚≈∏,1,4
591,2016-10-10,∏º¿Ω,2¡∂,0,4
592,2016-10-11,∏º¿Ω,2¡∂,1,4
593,2016-10-12,∏º¿Ω,2¡∂,1,4
594,2016-10-13,∏º¿Ω,2¡∂,1,4
595,2016-10-12,∏º¿Ω,1¡∂,1,4
596,2016-10-13,»Â∏≤,1¡∂,0,4
597,2016-10-14,∏º¿Ω,1¡∂,0,4
598,2016-10-17,∏º¿Ω,1¡∂,1,4
599,2016-10-17,∏º¿Ω,3¡∂,0,3
600,2016-10-17,∏º¿Ω,4¡∂,0,3
601,2016-10-14,∏º¿Ω,2¡∂,0,3
602,2016-10-15,∏º¿Ω,±‚≈∏,0,4
603,2016-10-16,∫Ò,±‚≈∏,0,4
604,2016-10-17,∏º¿Ω,2¡∂,1,4
605,2016-10-18,∏º¿Ω,1¡∂,1,4
606,2016-10-19,»Â∏≤,1¡∂,1,4
607,2016-10-18,∏º¿Ω,2¡∂,0,4
608,2016-10-19,∏º¿Ω,2¡∂,1,4
609,2016-10-20,∏º¿Ω,2¡∂,1,4
610,2016-10-20,»Â∏≤,1¡∂,1,4
611,2016-10-21,»Â∏≤,1¡∂,1,4
612,2016-10-22,∏º¿Ω,1¡∂,1,4
613,2016-10-21,»Â∏≤,2¡∂,0,4
614,2016-10-23,∏º¿Ω,∆˜¿Â∫∏ºˆ¡∂,0,4
615,2016-10-24,∏º¿Ω,1¡∂,1,4
616,2016-10-25,∫Ò,1¡∂,0,4
617,2016-10-24,∏º¿Ω,2¡∂,1,4
618,2016-10-25,"∫Ò,»Â∏≤",2¡∂,1,4
619,2016-10-26,∏º¿Ω,1¡∂,1,4
620,2016-10-26,∏º¿Ω,2¡∂,1,4
621,2016-10-27,»Â∏≤,1¡∂,1,4
622,2016-10-28,∫Ò,1¡∂,1,3
623,2016-10-27,»Â∏≤,2¡∂,0,4
624,2016-10-28,∫Ò,2¡∂,1,4
625,2016-10-29,»Â∏≤,2¡∂,1,4
626,2016-10-31,»Â∏≤,2¡∂,1,4
627,2016-10-30,∏º¿Ω,∆˜¿Â∫∏ºˆ¡∂,1,4
628,2016-10-31,∏º¿Ω,1¡∂,1,4
629,2016-11-01,∏º¿Ω,1¡∂,1,4
630,2016-11-01,∏º¿Ω,2¡∂,1,3
631,2016-11-02,∏º¿Ω,2¡∂,1,4
632,2016-11-03,∏º¿Ω,2¡∂,1,4
633,2016-11-04,∏º¿Ω,2¡∂,1,4
634,2016-11-03,∏º¿Ω,1¡∂,0,4
635,2016-11-04,∏º¿Ω,1¡∂,1,4
636,2016-11-05,∏º¿Ω,1¡∂,1,4
637,2016-11-06,»Â∏≤,3¡∂,1,4
638,2016-11-07,∏º¿Ω,2¡∂,1,4
639,2016-11-07,∏º¿Ω,1¡∂,1,4
640,2016-11-08,∏º¿Ω,2¡∂,1,3
641,2016-06-30,∏º¿Ω,1¡∂,1,4
642,2016-11-08,∏º¿Ω,1¡∂,1,4
643,2016-11-09,∏º¿Ω,1¡∂,1,4
644,2016-11-09,∏º¿Ω,2¡∂,1,4
645,2016-11-10,∏º¿Ω,2¡∂,1,4
646,2016-11-10,»Â∏≤,1¡∂,1,4
647,2016-11-11,∏º¿Ω,1¡∂,1,4
648,2016-11-11,∏º¿Ω,±‚≈∏,1,4
649,2016-11-12,∏º¿Ω,±‚≈∏,1,4
650,2016-11-13,∏º¿Ω,1¡∂,0,4
651,2016-11-14,»Â∏≤,1¡∂,1,3
652,2016-11-14,∏º¿Ω,2¡∂,1,4
653,2016-11-15,∏º¿Ω,2¡∂,1,4
654,2016-11-15,∏º¿Ω,1¡∂,1,4
655,2016-11-16,∏º¿Ω,2¡∂,1,4
656,2016-11-16,∏º¿Ω,1¡∂,0,4
657,2016-11-17,∏º¿Ω,1¡∂,1,4
658,2016-11-17,∏º¿Ω,2¡∂,0,4
659,2016-11-18,∏º¿Ω,2¡∂,1,3
660,2016-11-19,∏º¿Ω,2¡∂,1,4
661,2016-11-20,∏º¿Ω,∆˜¿Â∫∏ºˆ¡∂,0,4
662,2016-11-21,»Â∏≤,1¡∂,1,4
663,2016-11-21,∏º¿Ω,2¡∂,1,3
664,2016-11-22,»Â∏≤,2¡∂,1,3
665,2016-11-22,»Â∏≤,1¡∂,1,4
666,2016-11-23,∏º¿Ω,2¡∂,1,4
667,2016-11-23,∏º¿Ω,1¡∂,1,4
668,2016-11-24,∏º¿Ω,1¡∂,1,3
669,2016-11-24,∏º¿Ω,2¡∂,1,3
670,2016-11-25,∏º¿Ω,1¡∂,1,3
671,2016-11-25,∏º¿Ω,2¡∂,1,3
672,2016-11-26,∏º¿Ω,1¡∂,0,4
673,2016-11-28,∏º¿Ω,1,1,4
674,2016-11-29,∏º¿Ω,1¡∂,1,4
675,2016-11-30,»Â∏≤,1¡∂,1,4
676,2016-11-27,»Â∏≤,∆˜¿Â∫∏ºˆ¡∂,0,4
677,2016-11-28,∏º¿Ω,2¡∂,1,4
678,2016-11-29,∏º¿Ω,2¡∂,0,4
679,2016-11-30,»Â∏≤,2¡∂,1,4
680,2016-12-01,∏º¿Ω,1¡∂,1,4
681,2016-12-01,∏º¿Ω,2¡∂,1,4
682,2016-12-02,∏º¿Ω,2¡∂,1,4
683,2016-12-02,∏º¿Ω,1¡∂,0,4
684,2016-12-03,»Â∏≤,±‚≈∏,0,4
685,2016-12-05,»Â∏≤,1¡∂,1,4
686,2016-12-04,∏º¿Ω,∆˜¿Â∫∏ºˆ¡∂,0,4
687,2016-12-05,∏º¿Ω,2¡∂,1,4
688,2016-12-06,∏º¿Ω,2¡∂,1,4
689,2016-12-06,∏º¿Ω,1¡∂,1,4
690,2016-12-07,»Â∏≤,2¡∂,1,3
691,2016-12-08,∏º¿Ω,2¡∂,1,4
692,2016-12-07,∏º¿Ω,1¡∂,0,3
693,2016-12-08,∏º¿Ω,1¡∂,1,4
694,2016-12-09,∏º¿Ω,1¡∂,1,4
695,2016-12-12,»Â∏≤,1¡∂,1,4
696,2016-12-09,∏º¿Ω,2¡∂,0,3
697,2016-12-10,∏º¿Ω,±‚≈∏,0,4
698,2016-12-11,∏º¿Ω,±‚≈∏,0,4
699,2016-12-12,∏º¿Ω,2¡∂,1,4
700,2016-12-13,»Â∏≤,1¡∂,0,4
701,2016-12-14,»Â∏≤,1¡∂,1,4
702,2016-12-15,∏º¿Ω,1¡∂,1,4
703,2016-12-13,∏º¿Ω,2¡∂,1,4
704,2016-12-14,∏º¿Ω,2¡∂,0,4
705,2016-12-15,∏º¿Ω,2¡∂,1,4
706,2016-12-16,∏º¿Ω,2¡∂,1,4
707,2016-12-16,∏º¿Ω,1¡∂,1,4
708,2016-12-17,∏º¿Ω,2¡∂,1,4
709,2016-12-18,∏º¿Ω,3¡∂,1,4
710,2016-12-19,∫Ò,1¡∂,1,3
711,2016-12-19,∫Ò,4¡∂,0,3
712,2016-12-19,"∫Ò,»Â∏≤",2¡∂,1,4
713,2016-12-20,»Â∏≤,2¡∂,1,4
714,2016-11-18,∫Ò,1¡∂,1,4
715,2016-12-20,∏º¿Ω,1¡∂,0,4
716,2016-12-21,»Â∏≤,2¡∂,1,3
717,2016-12-21,∫Ò,1¡∂,1,4
718,2016-12-22,»Â∏≤,1¡∂,1,4
719,2016-12-22,»Â∏≤,2¡∂,1,4
720,2016-12-23,∏º¿Ω,2¡∂,1,4
721,2016-12-25,∏º¿Ω,±‚≈∏,1,4
722,2016-12-26,∫Ò,2¡∂,1,4
723,2016-12-23,»Â∏≤,1¡∂,0,4
724,2016-12-24,»Â∏≤,1¡∂,0,4
725,2016-12-26,∫Ò,1¡∂,1,4
726,2016-12-27,∏º¿Ω,1¡∂,1,4
727,2016-12-26,∫Ò,3¡∂,0,3
728,2016-12-27,∏º¿Ω,2¡∂,1,4
729,2016-12-28,∏º¿Ω,1¡∂,1,4
730,2016-12-28,∏º¿Ω,3¡∂,0,4
731,2016-12-30,∏º¿Ω,∆˜¿Â∫∏ºˆ¡∂,0,3
732,2016-12-28,∏º¿Ω,2¡∂,1,4
733,2016-12-29,∏º¿Ω,2¡∂,0,4
734,2016-12-30,∏º¿Ω,2¡∂,1,4
735,2016-12-29,∏º¿Ω,1,1,4
736,2016-12-30,∏º¿Ω,1¡∂,1,4
737,2017-01-02,∏º¿Ω,1¡∂,1,4
738,2017-01-03,∏º¿Ω,1¡∂,1,4
739,2016-12-31,∏º¿Ω,2¡∂,0,4
740,2017-01-01,∏º¿Ω,∆˜¿Â∫∏ºˆ¡∂,0,4
741,2017-01-02,∏º¿Ω,2¡∂,1,3
742,2017-01-02,∏º¿Ω,∆˜¿Â∫∏ºˆ¡∂,0,4
743,2017-01-03,∏º¿Ω,2¡∂,1,3
744,2017-01-03,∏º¿Ω,2¡∂,0,4
745,2017-01-04,∏º¿Ω,2¡∂,1,3
746,2017-01-04,∏º¿Ω,∆˜¿Â∫∏ºˆ¡∂,0,4
747,2017-01-04,»Â∏≤,1¡∂,1,4
748,2017-01-05,»Â∏≤,1¡∂,1,4
749,2017-01-05,∏º¿Ω,2¡∂,1,3
750,2017-01-06,»Â∏≤,1¡∂,1,3
751,2017-01-07,»Â∏≤,1¡∂,1,4
752,2017-01-09,∏º¿Ω,1¡∂,1,4
753,2017-01-06,»Â∏≤,2¡∂,1,3
754,2017-01-09,∏º¿Ω,2¡∂,1,3
755,2017-01-10,∏º¿Ω,1¡∂,1,4
756,2017-01-08,»Â∏≤,∆˜¿Â∫∏ºˆ¡∂,1,4
757,2017-01-10,∏º¿Ω,2¡∂,1,4
758,2017-01-11,∏º¿Ω,2¡∂,1,4
759,2017-01-11,∏º¿Ω,1¡∂,1,4
760,2017-01-12,»Â∏≤,1¡∂,1,4
761,2017-01-11,∏º¿Ω,∆˜¿Â∫∏ºˆ¡∂,0,3
762,2017-01-12,∏º¿Ω,2¡∂,1,3
763,2017-01-13,»Â∏≤,1¡∂,1,4
764,2017-01-15,∏º¿Ω,∆˜¿Â∫∏ºˆ¡∂,0,4
765,2017-01-13,∏º¿Ω,2¡∂,1,3
766,2017-01-14,∏º¿Ω,2¡∂,1,4
767,2017-01-16,∏º¿Ω,2¡∂,1,3
768,2017-01-16,∏º¿Ω,1¡∂,1,4
769,2017-01-17,»Â∏≤,1¡∂,1,4
770,2017-01-17,∏º¿Ω,2¡∂,1,3
771,2017-01-18,∏º¿Ω,2¡∂,1,3
772,2017-01-19,∏º¿Ω,2¡∂,1,3
773,2017-01-21,∏º¿Ω,1,0,4
774,2017-01-22,∏º¿Ω,±‚≈∏,0,3
775,2017-01-23,∏º¿Ω,1¡∂,1,4
776,2017-01-20,¥´,±‚≈∏,1,3
777,2017-01-23,∏º¿Ω,2¡∂,1,4
778,2017-01-24,∏º¿Ω,2¡∂,1,4
779,2017-01-24,∏º¿Ω,1¡∂,0,3
780,2017-01-25,∏º¿Ω,1¡∂,1,4
781,2017-01-25,∏º¿Ω,2¡∂,1,3
782,2017-01-26,∏º¿Ω,2¡∂,1,3
783,2017-01-26,∏º¿Ω,1¡∂,1,4
784,2017-01-27,∏º¿Ω,2¡∂,1,4
785,2017-01-29,»Â∏≤,∆˜¿Â∫∏ºˆ¡∂,1,4
786,2017-01-31,∏º¿Ω,2¡∂,1,3
787,2017-01-30,∏º¿Ω,1¡∂,0,4
788,2017-01-31,∏º¿Ω,1¡∂,1,4
789,2017-02-01,∏º¿Ω,1¡∂,1,4
790,2017-02-01,∏º¿Ω,2¡∂,1,4
791,2017-02-02,∏º¿Ω,2¡∂,1,4
792,2017-02-02,∏º¿Ω,1¡∂,0,4
793,2017-02-03,∏º¿Ω,1¡∂,1,4
794,2017-02-03,∏º¿Ω,2¡∂,1,4
795,2017-02-06,∏º¿Ω,2¡∂,1,4
796,2017-02-04,∏º¿Ω,1¡∂,1,4
797,2017-02-05,∏º¿Ω,∆˜¿Â∫∏ºˆ¡∂,0,4
798,2017-02-06,∏º¿Ω,1¡∂,1,4
799,2017-02-07,∏º¿Ω,1¡∂,1,3
800,2017-02-07,∏º¿Ω,2¡∂,1,4
801,2017-02-08,»Â∏≤,2¡∂,1,4
802,2017-02-08,»Â∏≤,1¡∂,0,3
803,2017-02-09,∏º¿Ω,1¡∂,1,4
804,2017-02-09,∏º¿Ω,2¡∂,1,4
805,2017-02-10,∏º¿Ω,2¡∂,1,4
806,2017-02-10,∏º¿Ω,1¡∂,1,4
807,2017-02-12,∏º¿Ω,∆˜¿Â∫∏ºˆ¡∂,1,4
808,2017-02-13,∏º¿Ω,1¡∂,1,3
809,2017-02-11,∏º¿Ω,2¡∂,1,4
810,2017-02-14,∏º¿Ω,1¡∂,1,4
811,2017-02-13,∏º¿Ω,2¡∂,1,4
812,2017-02-14,∏º¿Ω,2¡∂,1,4
813,2017-02-15,∏º¿Ω,1¡∂,1,3
814,2017-02-16,∏º¿Ω,1¡∂,1,3
815,2017-02-15,∏º¿Ω,2¡∂,0,4
816,2017-02-16,∏º¿Ω,2¡∂,1,4
817,2017-02-17,∏º¿Ω,1¡∂,1,3
818,2017-02-18,∏º¿Ω,1¡∂,1,4
819,2017-02-20,∏º¿Ω,1¡∂,1,3
820,2017-02-21,∏º¿Ω,1¡∂,1,4
821,2017-02-17,∏º¿Ω,2¡∂,0,4
822,2017-02-19,∏º¿Ω,∆˜¿Â∫∏ºˆ¡∂,0,4
823,2017-02-20,∏º¿Ω,2¡∂,0,4
824,2017-02-21,∏º¿Ω,2¡∂,1,4
825,2017-02-22,∫Ò,1¡∂,1,4
826,2017-02-22,"∫Ò,»Â∏≤",2¡∂,1,4
827,2017-02-23,∏º¿Ω,1¡∂,1,3
828,2017-02-23,∏º¿Ω,2¡∂,1,4
829,2017-02-24,∏º¿Ω,1¡∂,1,3
830,2017-02-24,∏º¿Ω,2¡∂,1,4
831,2017-02-25,∏º¿Ω,2¡∂,1,4
832,2017-02-26,∏º¿Ω,∆˜¿Â∫∏ºˆ¡∂,0,4
833,2017-02-27,∏º¿Ω,1¡∂,1,3
834,2017-02-27,∏º¿Ω,2¡∂,1,4
835,2017-02-28,∏º¿Ω,1¡∂,1,4
836,2017-02-28,∏º¿Ω,2¡∂,1,4
837,2017-03-01,∏º¿Ω,2¡∂,1,4
838,2017-03-02,∏º¿Ω,2¡∂,1,3
839,2017-03-03,∏º¿Ω,2¡∂,1,3
840,2017-03-02,∏º¿Ω,1¡∂,0,4
841,2017-03-03,∏º¿Ω,1¡∂,1,3
842,2017-03-04,∏º¿Ω,1¡∂,1,4
843,2017-03-06,∏º¿Ω,1¡∂,1,4
844,2017-03-05,∏º¿Ω,∆˜¿Â∫∏ºˆ¡∂,0,4
845,2017-03-06,∏º¿Ω,2¡∂,1,4
846,2017-03-07,∏º¿Ω,2¡∂,1,4
847,2017-03-07,∏º¿Ω,1¡∂,1,4
848,2017-03-08,∏º¿Ω,2¡∂,1,4
849,2017-03-08,∏º¿Ω,1¡∂,1,4
850,2017-03-09,∏º¿Ω,1¡∂,1,4
851,2017-03-08,∏º¿Ω,∆˜¿Â∫∏ºˆ¡∂,0,3
852,2017-03-09,∏º¿Ω,2¡∂,1,4
853,2017-03-10,∏º¿Ω,2¡∂,1,4
854,2017-03-11,∏º¿Ω,2¡∂,1,4
855,2017-03-10,∏º¿Ω,1¡∂,1,4
856,2017-03-13,∏º¿Ω,1¡∂,1,4
857,2017-03-12,∏º¿Ω,∆˜¿Â∫∏ºˆ¡∂,0,4
858,2017-03-13,∏º¿Ω,2¡∂,0,4
859,2017-03-13,∏º¿Ω,∆˜¿Â∫∏ºˆ¡∂,0,3
860,2017-03-14,∏º¿Ω,2¡∂,1,4
861,2017-03-14,∏º¿Ω,1¡∂,1,4
862,2017-03-15,∏º¿Ω,1¡∂,1,4
863,2017-03-15,∏º¿Ω,2¡∂,1,4
864,2017-03-16,∏º¿Ω,2¡∂,1,4
865,2017-03-16,∏º¿Ω,1¡∂,1,4
866,2017-03-17,∏º¿Ω,1¡∂,1,4
867,2017-03-17,∏º¿Ω,2¡∂,1,4
868,2017-03-18,∏º¿Ω,1¡∂,0,4
869,2017-03-19,∏º¿Ω,∆˜¿Â∫∏ºˆ¡∂,1,4
870,2017-03-20,∏º¿Ω,2¡∂,1,4
871,2017-03-20,"∫Ò,»Â∏≤",1¡∂,1,4
872,2017-03-21,∏º¿Ω,1¡∂,1,4
873,2017-03-21,∏º¿Ω,2¡∂,1,4
874,2017-03-22,∏º¿Ω,2¡∂,1,1
875,2017-03-23,∏º¿Ω,2¡∂,1,4
876,2017-03-24,∏º¿Ω,2¡∂,1,4
877,2017-03-22,∏º¿Ω,1¡∂,0,4
878,2017-03-23,∏º¿Ω,1¡∂,0,4
879,2017-03-25,∫Ò,±‚≈∏,1,4
880,2017-03-27,"∫Ò,∏º¿Ω",2¡∂,1,4
881,2017-03-24,∏º¿Ω,1¡∂,0,4
882,2017-03-26,»Â∏≤,∆˜¿Â∫∏ºˆ¡∂,0,4
883,2017-03-27,∫Ò,1¡∂,1,4
884,2017-03-28,∏º¿Ω,1¡∂,1,4
885,2017-03-28,∏º¿Ω,2¡∂,0,4
886,2017-03-29,∏º¿Ω,2¡∂,1,4
887,2017-03-29,∏º¿Ω,1¡∂,1,4
888,2017-03-30,∏º¿Ω,2¡∂,1,4
889,2017-03-30,∏º¿Ω,1¡∂,1,4
890,2017-03-31,»Â∏≤,2¡∂,1,4
891,2017-03-31,»Â∏≤,1¡∂,0,4
892,2017-04-03,∏º¿Ω,2¡∂,1,4
893,2017-04-01,∫Ò,1¡∂,0,4
894,2017-04-02,∏º¿Ω,∆˜¿Â∫∏ºˆ¡∂,0,4
895,2017-04-04,∏º¿Ω,2¡∂,1,4
896,2017-04-03,∏º¿Ω,1¡∂,1,4
897,2017-04-04,∏º¿Ω,1¡∂,1,4
898,2017-04-05,∫Ò,1¡∂,1,4
899,2017-04-05,»Â∏≤,2¡∂,1,4
900,2017-04-06,"∫Ò,»Â∏≤",2¡∂,1,4
901,2017-04-06,»Â∏≤,1¡∂,0,4
902,2017-04-07,∏º¿Ω,1¡∂,1,4
903,2017-04-07,∏º¿Ω,2¡∂,1,4
904,2017-04-08,∏º¿Ω,2¡∂,1,3
905,2017-04-09,∏º¿Ω,∆˜¿Â∫∏ºˆ¡∂,0,4
906,2017-04-10,∏º¿Ω,2¡∂,1,4
907,2017-04-10,∏º¿Ω,1¡∂,0,4
908,2017-04-11,"∫Ò,∏º¿Ω",1¡∂,1,4
909,2017-04-12,∏º¿Ω,1¡∂,1,4
910,2017-04-11,"∫Ò,∏º¿Ω",2¡∂,0,4
911,2017-04-12,∏º¿Ω,2¡∂,1,4
912,2017-04-13,∏º¿Ω,1¡∂,1,4
913,2017-04-13,∏º¿Ω,2¡∂,1,4
914,2017-04-14,∏º¿Ω,2¡∂,1,3
915,2017-04-14,∏º¿Ω,1¡∂,0,3
916,2017-04-15,∏º¿Ω,1¡∂,1,4
917,2017-04-16,∏º¿Ω,∆˜¿Â∫∏ºˆ¡∂,1,4
918,2017-04-17,∫Ò,1¡∂,1,4
919,2017-04-17,"∫Ò,»Â∏≤",2¡∂,1,4
920,2017-04-18,∏º¿Ω,1¡∂,1,4
921,2017-04-18,"∫Ò,»Â∏≤",2¡∂,1,4
922,2017-04-19,∏º¿Ω,2¡∂,1,4
923,2017-04-19,∏º¿Ω,1¡∂,1,4
924,2017-04-20,"∫Ò,»Â∏≤",2¡∂,1,4
925,2017-04-20,"∫Ò,»Â∏≤",1¡∂,1,4
926,2017-04-21,∏º¿Ω,1¡∂,1,4
927,2017-04-21,∏º¿Ω,2¡∂,1,4
928,2017-04-22,∏º¿Ω,±‚≈∏,0,4
929,2017-04-23,∏º¿Ω,∆˜¿Â∫∏ºˆ¡∂,0,4
930,2017-04-24,∏º¿Ω,1¡∂,1,4
931,2017-04-24,∏º¿Ω,2¡∂,0,4
932,2017-04-25,∏º¿Ω,2¡∂,1,4
933,2017-04-25,»Â∏≤,1¡∂,1,4
934,2017-04-26,∏º¿Ω,2¡∂,1,4
935,2017-04-27,∏º¿Ω,2¡∂,1,4
936,2017-04-27,∏º¿Ω,1¡∂,1,4
937,2017-04-28,∏º¿Ω,1¡∂,1,4
938,2017-04-29,∏º¿Ω,1¡∂,1,4
939,2017-04-28,∏º¿Ω,2¡∂,1,4
940,2017-05-02,∏º¿Ω,2¡∂,1,3
941,2017-04-30,∏º¿Ω,∆˜¿Â∫∏ºˆ¡∂,0,4
942,2017-05-01,∏º¿Ω,1¡∂,0,4
943,2017-05-02,∏º¿Ω,1¡∂,1,4
944,2017-05-03,∏º¿Ω,2¡∂,1,4
945,2017-05-04,∏º¿Ω,2¡∂,1,4
946,2017-05-04,∏º¿Ω,1¡∂,0,4
947,2017-05-05,"∫Ò,»Â∏≤",1¡∂,1,4
948,2017-05-06,∏º¿Ω,2¡∂,1,4
949,2017-05-07,∏º¿Ω,∆˜¿Â∫∏ºˆ¡∂,0,4
950,2017-05-08,∏º¿Ω,1¡∂,1,3
951,2017-05-09,∫Ò,±‚≈∏,0,4
952,2017-05-10,»Â∏≤,1¡∂,1,4
953,2017-05-08,∏º¿Ω,2¡∂,0,4
954,2017-05-10,»Â∏≤,2¡∂,1,4
955,2017-05-11,∏º¿Ω,1¡∂,1,4
956,2017-05-11,»Â∏≤,2¡∂,1,4
957,2017-05-12,"∫Ò,»Â∏≤",2¡∂,1,4
958,2017-05-12,"∫Ò,»Â∏≤",1¡∂,1,4
959,2017-05-13,∏º¿Ω,1¡∂,1,4
960,2017-05-14,∏º¿Ω,∆˜¿Â∫∏ºˆ¡∂,0,4
961,2017-05-15,∏º¿Ω,2¡∂,1,4
962,2017-05-15,∏º¿Ω,1¡∂,1,4
963,2017-05-16,∏º¿Ω,2¡∂,1,3
964,2017-05-16,∏º¿Ω,1¡∂,0,3
965,2017-05-17,∏º¿Ω,2¡∂,1,3
966,2017-05-17,∏º¿Ω,1¡∂,1,3
967,2017-05-18,∏º¿Ω,1¡∂,1,3
968,2017-05-18,∏º¿Ω,2¡∂,1,3
969,2017-05-19,∏º¿Ω,1¡∂,1,4
970,2017-05-19,∏º¿Ω,2¡∂,1,4
971,2017-05-20,∏º¿Ω,2¡∂,0,4
972,2017-05-22,∏º¿Ω,2¡∂,1,4
973,2017-05-22,∏º¿Ω,1¡∂,1,4
974,2017-05-23,∏º¿Ω,2¡∂,1,4
975,2017-05-23,»Â∏≤,1¡∂,1,4
976,2017-05-24,"∫Ò,»Â∏≤",1¡∂,1,4
977,2017-05-24,»Â∏≤,2¡∂,1,4
978,2017-05-25,∏º¿Ω,1¡∂,1,4
979,2017-05-25,∏º¿Ω,2¡∂,0,4
980,2017-05-26,∏º¿Ω,1¡∂,1,4
981,2017-05-26,∏º¿Ω,2¡∂,1,4
982,2017-05-28,∏º¿Ω,∆˜¿Â∫∏ºˆ¡∂,0,4
983,2017-05-29,∏º¿Ω,2¡∂,1,4
984,2017-05-30,∏º¿Ω,2¡∂,1,4
985,2017-05-27,∏º¿Ω,1¡∂,1,4
986,2017-05-29,∏º¿Ω,1¡∂,0,4
987,2017-05-30,∏º¿Ω,1¡∂,1,4
988,2017-05-31,∏º¿Ω,2¡∂,1,3
989,2017-06-01,∏º¿Ω,2¡∂,1,4
990,2017-05-31,»Â∏≤,1¡∂,1,3
991,2017-06-01,∏º¿Ω,1¡∂,0,4
992,2017-06-02,∏º¿Ω,2¡∂,1,4
993,2017-06-02,∏º¿Ω,1¡∂,1,4
994,2017-06-03,∏º¿Ω,2¡∂,1,4
995,2017-06-05,∏º¿Ω,1¡∂,1,4
996,2017-06-04,∏º¿Ω,∆˜¿Â∫∏ºˆ¡∂,0,4
997,2017-06-05,∏º¿Ω,2¡∂,1,4
998,2017-06-06,"∫Ò,∏º¿Ω",2¡∂,1,4
999,2017-06-07,»Â∏≤,1¡∂,1,4
1000,2017-06-07,»Â∏≤,2¡∂,1,4
1001,2017-06-08,∏º¿Ω,1¡∂,1,4
1002,2017-06-08,∏º¿Ω,2¡∂,1,3
1003,2017-06-09,∏º¿Ω,1¡∂,1,4
1004,2017-06-09,∏º¿Ω,2¡∂,1,3
1005,2017-06-10,»Â∏≤,1¡∂,1,4
1006,2017-06-11,∏º¿Ω,∆˜¿Â∫∏ºˆ¡∂,0,4
1007,2017-06-12,∏º¿Ω,1¡∂,1,4
1008,2017-06-13,∏º¿Ω,1¡∂,1,4
1009,2017-06-12,∏º¿Ω,2¡∂,0,4
1010,2017-06-13,∏º¿Ω,2¡∂,0,4
1011,2017-06-14,∏º¿Ω,2¡∂,1,3
1012,2017-06-14,∏º¿Ω,1¡∂,1,4
1013,2017-06-15,∏º¿Ω,1¡∂,1,4
1014,2017-06-15,∏º¿Ω,2¡∂,0,4
1015,2017-06-18,∏º¿Ω,∆˜¿Â∫∏ºˆ¡∂,0,4
1016,2017-06-19,∏º¿Ω,1¡∂,1,4
1017,2017-06-20,∏º¿Ω,1¡∂,1,4
1018,2017-06-16,∏º¿Ω,2¡∂,0,4
1019,2017-06-17,∏º¿Ω,2¡∂,0,4
1020,2017-06-20,∏º¿Ω,2¡∂,1,4
1021,2017-06-21,∏º¿Ω,1¡∂,1,4
1022,2017-06-22,∏º¿Ω,1¡∂,1,4
1023,2017-06-22,∏º¿Ω,2¡∂,1,4
1024,2017-06-23,»Â∏≤,1¡∂,1,4
1025,2017-06-23,∏º¿Ω,2¡∂,1,4
1026,2017-06-24,∏º¿Ω,1¡∂,1,4
1027,2017-06-26,"∫Ò,∏º¿Ω",2¡∂,1,3
1028,2017-06-26,»Â∏≤,1¡∂,1,4
1029,2017-06-27,∏º¿Ω,2¡∂,1,4
1030,2017-06-25,»Â∏≤,∆˜¿Â∫∏ºˆ¡∂,0,4
1031,2017-06-27,∏º¿Ω,1¡∂,1,4
1032,2017-06-28,∏º¿Ω,1¡∂,1,4
1033,2017-06-28,∏º¿Ω,2¡∂,1,4
1034,2017-06-29,»Â∏≤,1¡∂,1,4
1035,2017-06-29,∏º¿Ω,2¡∂,1,0
1036,2017-06-30,∏º¿Ω,1¡∂,1,4
1037,2017-06-30,∏º¿Ω,2¡∂,1,4
1038,2017-07-01,∏º¿Ω,2¡∂,1,3
1039,2017-07-02,"∫Ò,∏º¿Ω",∆˜¿Â∫∏ºˆ¡∂,1,4
1040,2017-07-03,∏º¿Ω,2¡∂,1,4
1041,2017-07-03,"∫Ò,»Â∏≤",1¡∂,1,4
1042,2017-07-04,"∫Ò,»Â∏≤",2¡∂,1,4
1043,2017-07-05,∏º¿Ω,1¡∂,1,4
1044,2017-07-04,"∫Ò,»Â∏≤",1¡∂,0,4
1045,2017-07-05,∏º¿Ω,2¡∂,1,4
1046,2017-07-06,"∫Ò,∏º¿Ω",2¡∂,1,4
1047,2017-07-07,»Â∏≤,1¡∂,1,4
1048,2017-07-06,"∫Ò,»Â∏≤",1¡∂,0,4
1049,2017-07-07,»Â∏≤,2¡∂,1,4
1050,2017-07-08,"∫Ò,»Â∏≤",1¡∂,1,4
1051,2017-07-10,∏º¿Ω,1¡∂,1,4
1052,2017-07-11,∏º¿Ω,1¡∂,1,4
1053,2017-07-12,∏º¿Ω,1¡∂,1,4
1054,2017-07-09,∏º¿Ω,∆˜¿Â∫∏ºˆ¡∂,0,4
1055,2017-07-10,»Â∏≤,2¡∂,0,4
1056,2017-07-11,∏º¿Ω,2¡∂,0,4
1057,2017-07-12,∏º¿Ω,2¡∂,1,4
1058,2017-07-13,∏º¿Ω,1¡∂,1,4
1059,2017-07-13,∏º¿Ω,2¡∂,1,4
1060,2017-07-14,»Â∏≤,1¡∂,1,4
1061,2017-07-14,∏º¿Ω,2¡∂,1,4
1062,2017-07-15,∫Ò,2¡∂,1,4
1063,2017-07-16,»Â∏≤,∆˜¿Â∫∏ºˆ¡∂,0,4
1064,2017-07-17,∏º¿Ω,2¡∂,1,4
1065,2017-07-17,"∫Ò,∏º¿Ω",1¡∂,1,4
1066,2017-07-18,∏º¿Ω,2¡∂,1,3
1067,2017-07-18,∏º¿Ω,1¡∂,1,4
1068,2017-07-19,∏º¿Ω,2¡∂,1,3
1069,2017-07-19,∏º¿Ω,1¡∂,1,4
1070,2017-07-20,∏º¿Ω,2¡∂,1,3
1071,2017-07-20,∏º¿Ω,1¡∂,0,4
1072,2017-07-21,∏º¿Ω,2¡∂,1,4
1073,2017-07-21,∏º¿Ω,1¡∂,1,4
1074,2017-07-24,"∫Ò,∏º¿Ω",2¡∂,1,3
1075,2017-07-25,"∫Ò,»Â∏≤",2¡∂,1,4
1076,2017-07-26,∏º¿Ω,2¡∂,1,4
1077,2017-07-27,∏º¿Ω,2¡∂,1,4
1078,2017-07-28,∏º¿Ω,2¡∂,0,4
1079,2017-07-29,»Â∏≤,2¡∂,0,4
1080,2017-07-30,»Â∏≤,∆˜¿Â∫∏ºˆ¡∂,1,4
1081,2017-07-22,∏º¿Ω,1¡∂,0,4
1082,2017-07-31,"∫Ò,»Â∏≤",2¡∂,1,3
1083,2017-07-23,∏º¿Ω,∆˜¿Â∫∏ºˆ¡∂,0,4
1084,2017-07-24,»Â∏≤,1¡∂,1,4
1085,2017-07-25,"∫Ò,»Â∏≤",1¡∂,0,4
1086,2017-07-26,∏º¿Ω,1¡∂,0,4
1087,2017-07-27,∏º¿Ω,1¡∂,0,4
1088,2017-07-28,∏º¿Ω,1¡∂,0,4
1089,2017-07-31,∫Ò,1¡∂,1,4
1090,2017-08-01,∏º¿Ω,1¡∂,1,4
1091,2017-08-01,"∫Ò,∏º¿Ω",2¡∂,1,3
1092,2017-08-02,∏º¿Ω,1¡∂,1,4
1093,2017-08-02,∏º¿Ω,2¡∂,1,3
1094,2017-08-03,∏º¿Ω,1¡∂,1,4
1095,2017-08-03,∏º¿Ω,2¡∂,1,4
1096,2017-08-04,∏º¿Ω,1¡∂,1,4
1097,2017-08-04,∏º¿Ω,2¡∂,1,4
1098,2017-08-05,∏º¿Ω,1¡∂,1,4
1099,2017-08-06,∏º¿Ω,∆˜¿Â∫∏ºˆ¡∂,0,4
1100,2017-08-07,∏º¿Ω,1¡∂,1,4
1101,2017-08-08,∏º¿Ω,1¡∂,1,4
1102,2017-08-07,∏º¿Ω,2¡∂,0,3
1103,2017-08-08,∏º¿Ω,2¡∂,0,3
1104,2017-08-09,∫Ò,1¡∂,1,4
1105,2017-08-09,»Â∏≤,2¡∂,1,4
1106,2017-08-10,∫Ò,1¡∂,1,4
1107,2017-08-10,"∫Ò,»Â∏≤",2¡∂,1,4
1108,2017-08-11,∏º¿Ω,1¡∂,1,4
1109,2017-08-11,∏º¿Ω,2¡∂,1,4
1110,2017-08-12,∏º¿Ω,2¡∂,1,4
1111,2017-08-14,∫Ò,1¡∂,1,4
1112,2017-08-13,∏º¿Ω,∆˜¿Â∫∏ºˆ¡∂,0,4
1113,2017-08-14,∫Ò,2¡∂,1,4
1114,2017-08-15,∫Ò,1¡∂,1,4
1115,2017-08-16,∏º¿Ω,1¡∂,1,4
1116,2017-08-16,»Â∏≤,2¡∂,1,4
1117,2017-08-17,∏º¿Ω,1¡∂,1,4
1118,2017-08-17,»Â∏≤,2¡∂,1,4
1119,2017-08-18,∏º¿Ω,1¡∂,1,4
1120,2017-08-18,∏º¿Ω,2¡∂,1,4
1121,2017-08-19,"∫Ò,»Â∏≤",±‚≈∏,1,4
1122,2017-08-21,»Â∏≤,2¡∂,1,4
1123,2017-08-20,»Â∏≤,∆˜¿Â∫∏ºˆ¡∂,0,4
1124,2017-08-21,∫Ò,1¡∂,0,4
1125,2017-08-22,∏º¿Ω,2¡∂,0,4
1126,2017-08-22,»Â∏≤,1¡∂,0,4
1127,2017-08-23,∏º¿Ω,1¡∂,1,4
1128,2017-08-23,»Â∏≤,2¡∂,1,4
1129,2017-08-24,∏º¿Ω,1¡∂,1,4
1130,2017-08-24,∏º¿Ω,2¡∂,1,4
1131,2017-08-25,∏º¿Ω,1¡∂,1,4
1132,2017-08-25,∏º¿Ω,2¡∂,1,4
1133,2017-08-26,∏º¿Ω,2¡∂,0,4
1134,2017-08-27,∏º¿Ω,∆˜¿Â∫∏ºˆ¡∂,1,4
1135,2017-08-28,∏º¿Ω,2¡∂,1,4
1136,2017-08-28,∏º¿Ω,1¡∂,1,3
1137,2017-08-29,∏º¿Ω,1¡∂,1,3
1138,2017-08-30,»Â∏≤,1¡∂,1,4
1139,2017-08-31,∏º¿Ω,1¡∂,1,4
1140,2017-09-01,∏º¿Ω,1¡∂,0,4
1141,2017-09-03,∏º¿Ω,∆˜¿Â∫∏ºˆ¡∂,0,4
1142,2017-08-29,∏º¿Ω,2¡∂,0,4
1143,2017-09-04,∏º¿Ω,1¡∂,0,4
1144,2017-09-05,"∫Ò,»Â∏≤",1¡∂,1,4
1145,2017-08-30,»Â∏≤,2¡∂,0,4
1146,2017-09-02,∏º¿Ω,1¡∂,1,4
1147,2017-09-04,∏º¿Ω,2¡∂,1,4
1148,2017-08-31,∏º¿Ω,2¡∂,0,4
1149,2017-09-05,»Â∏≤,2¡∂,1,4
1150,2017-09-01,∏º¿Ω,2¡∂,1,4
1151,2017-09-06,"∫Ò,»Â∏≤",2¡∂,1,4
1152,2017-09-06,"∫Ò,»Â∏≤",1¡∂,1,4
1153,2017-09-07,∏º¿Ω,2¡∂,1,4
1154,2017-09-07,∏º¿Ω,1¡∂,1,4
1155,2017-09-08,∏º¿Ω,1¡∂,1,4
1156,2017-09-09,∏º¿Ω,±‚≈∏,1,4
1157,2017-09-08,∏º¿Ω,2¡∂,0,4
1158,2017-09-11,"∫Ò,»Â∏≤",1¡∂,1,4
1159,2017-09-11,"∫Ò,»Â∏≤",2¡∂,1,4
1160,2017-09-10,∏º¿Ω,∆˜¿Â∫∏ºˆ¡∂,0,4
1161,2017-09-12,∏º¿Ω,2¡∂,1,4
1162,2017-09-12,∏º¿Ω,1¡∂,1,4
1163,2017-09-13,∏º¿Ω,1¡∂,1,3
1164,2017-09-13,∏º¿Ω,2¡∂,1,4
1165,2017-09-14,∏º¿Ω,1¡∂,1,4
1166,2017-09-14,∏º¿Ω,2¡∂,0,4
1167,2017-09-15,∏º¿Ω,2¡∂,1,4
1168,2017-09-15,∏º¿Ω,1¡∂,0,4
1169,2017-09-16,»Â∏≤,1¡∂,0,4
1170,2017-09-17,∏º¿Ω,±‚≈∏,1,4
1171,2017-09-18,∏º¿Ω,1¡∂,1,4
1172,2017-09-18,∏º¿Ω,2¡∂,1,4
1173,2017-09-19,∏º¿Ω,1¡∂,1,3
1174,2017-09-19,∏º¿Ω,2¡∂,1,4
1175,2017-09-20,∏º¿Ω,1¡∂,1,4
1176,2017-09-20,∏º¿Ω,2¡∂,1,4
1177,2017-09-21,∏º¿Ω,2¡∂,1,4
1178,2017-09-21,∏º¿Ω,1¡∂,1,4
1179,2017-09-22,∏º¿Ω,2¡∂,1,4
1180,2017-09-22,∏º¿Ω,1¡∂,1,4
1181,2017-09-23,∏º¿Ω,2¡∂,0,4
1182,2017-09-25,∏º¿Ω,2¡∂,1,3
1183,2017-09-24,∏º¿Ω,∆˜¿Â∫∏ºˆ¡∂,0,4
1184,2017-09-25,∏º¿Ω,1¡∂,1,3
1185,2017-09-26,∏º¿Ω,1¡∂,1,4
1186,2017-09-26,∏º¿Ω,2¡∂,1,4
1187,2017-09-27,∫Ò,2¡∂,1,4
1188,2017-09-27,∫Ò,1¡∂,1,4
1189,2017-09-28,∏º¿Ω,2¡∂,0,4
1190,2017-09-29,∏º¿Ω,2¡∂,1,4
1191,2017-09-29,∏º¿Ω,1¡∂,0,4
1192,2017-09-30,∏º¿Ω,1¡∂,0,4
1193,2017-10-01,"∫Ò,»Â∏≤",∆˜¿Â∫∏ºˆ¡∂,0,4
1194,2017-10-02,»Â∏≤,2¡∂,1,4
1195,2017-09-28,∏º¿Ω,1¡∂,0,0
1196,2017-10-05,»Â∏≤,±‚≈∏,1,4
1197,2017-10-03,∏º¿Ω,2¡∂,0,4
1198,2017-10-06,∫Ò,±‚≈∏,1,4
1199,2017-10-07,∏º¿Ω,±‚≈∏,1,4
1200,2017-10-09,∏º¿Ω,±‚≈∏,1,4
1201,2017-10-10,∏º¿Ω,2¡∂,1,4
1202,2017-10-08,∏º¿Ω,∆˜¿Â∫∏ºˆ¡∂,0,4
1203,2017-10-10,∏º¿Ω,1¡∂,0,4
1204,2017-10-11,»Â∏≤,1¡∂,0,4
1205,2017-10-11,»Â∏≤,2¡∂,1,4
1206,2017-10-12,∫Ò,1¡∂,1,4
1207,2017-10-12,∫Ò,2¡∂,0,4
1208,2017-10-13,∏º¿Ω,2¡∂,1,4
1209,2017-10-16,∏º¿Ω,2¡∂,1,4
1210,2017-10-13,∏º¿Ω,1¡∂,0,4
1211,2017-10-14,∏º¿Ω,1¡∂,0,4
1212,2017-10-15,»Â∏≤,∆˜¿Â∫∏ºˆ¡∂,0,4
1213,2017-10-16,»Â∏≤,1¡∂,1,4
1214,2017-10-17,∏º¿Ω,1¡∂,1,4
1215,2017-10-18,»Â∏≤,1¡∂,1,4
1216,2017-10-18,»Â∏≤,2¡∂,1,4
1217,2017-10-19,»Â∏≤,1¡∂,1,3
1218,2017-10-19,»Â∏≤,2¡∂,1,3
1219,2017-10-20,∏º¿Ω,2¡∂,1,3
1220,2017-10-21,∏º¿Ω,2¡∂,0,4
1221,2017-10-20,∏º¿Ω,1¡∂,1,2
1222,2017-10-23,∏º¿Ω,2¡∂,1,4
1223,2017-10-23,∏º¿Ω,1¡∂,1,4
1224,2017-10-22,∏º¿Ω,∆˜¿Â∫∏ºˆ¡∂,0,3
1225,2017-10-24,∏º¿Ω,2¡∂,1,4
1226,2017-10-24,∏º¿Ω,1¡∂,1,4
1227,2017-10-25,∏º¿Ω,2¡∂,1,3
1228,2017-10-25,∏º¿Ω,1¡∂,1,0
1229,2017-10-26,∏º¿Ω,2¡∂,1,4
1230,2017-10-26,∏º¿Ω,1¡∂,1,4
1231,2017-10-27,∏º¿Ω,1¡∂,1,4
1232,2017-10-27,∏º¿Ω,2¡∂,1,4
1233,2017-10-28,∏º¿Ω,1¡∂,0,4
1234,2017-10-29,∏º¿Ω,∆˜¿Â∫∏ºˆ¡∂,0,4
1235,2017-10-30,∏º¿Ω,2¡∂,1,4
1236,2017-10-30,∏º¿Ω,1¡∂,1,4
1237,2017-10-31,∏º¿Ω,1¡∂,1,3
1238,2017-10-31,∏º¿Ω,2¡∂,0,4
1239,2017-11-01,∏º¿Ω,2¡∂,1,4
1240,2017-11-01,∏º¿Ω,1¡∂,1,3
1241,2017-11-02,∏º¿Ω,1¡∂,0,3
1242,2017-11-03,∏º¿Ω,1¡∂,0,3
1243,2017-11-02,∏º¿Ω,2¡∂,0,4
1244,2017-11-03,∏º¿Ω,2¡∂,0,3
1245,2017-11-04,∏º¿Ω,2¡∂,1,4
1246,2017-11-06,∏º¿Ω,2¡∂,0,4
1247,2017-11-07,∏º¿Ω,2¡∂,0,4
1248,2017-11-08,∏º¿Ω,2¡∂,0,3
1249,2017-11-09,∏º¿Ω,2¡∂,0,4
1250,2017-11-10,∏º¿Ω,2¡∂,0,4
1251,2017-11-05,∏º¿Ω,∆˜¿Â∫∏ºˆ¡∂,0,4
1252,2017-11-06,∏º¿Ω,1¡∂,0,4
1253,2017-11-07,∏º¿Ω,1¡∂,0,4
1254,2017-11-08,∏º¿Ω,1¡∂,0,4
1255,2017-11-09,∏º¿Ω,1¡∂,0,4
1256,2017-11-10,∏º¿Ω,1¡∂,0,4
1257,2017-11-11,∏º¿Ω,1¡∂,1,4
1258,2017-11-12,∏º¿Ω,∆˜¿Â∫∏ºˆ¡∂,0,4
1259,2017-11-13,∏º¿Ω,2¡∂,1,4
1260,2017-11-13,∏º¿Ω,1¡∂,1,4
1261,2017-11-14,∏º¿Ω,1¡∂,1,4
1262,2017-11-14,∏º¿Ω,2¡∂,1,4
1263,2017-11-15,∏º¿Ω,2¡∂,1,4
1264,2017-11-15,∏º¿Ω,1¡∂,1,4
1265,2017-11-16,∏º¿Ω,1¡∂,1,4
1266,2017-11-16,∏º¿Ω,2¡∂,1,4
1267,2017-11-17,»Â∏≤,1¡∂,1,4
1268,2017-11-17,»Â∏≤,2¡∂,1,4
1269,2017-11-18,∏º¿Ω,±‚≈∏,1,4
1270,2017-11-19,∏º¿Ω,∆˜¿Â∫∏ºˆ¡∂,0,4
1271,2017-11-20,∏º¿Ω,1¡∂,1,4
1272,2017-11-20,∏º¿Ω,2¡∂,1,4
1273,2017-11-21,∏º¿Ω,1¡∂,1,4
1274,2017-11-21,∏º¿Ω,2¡∂,1,4
1275,2017-11-22,∏º¿Ω,2¡∂,1,4
1276,2017-11-22,»Â∏≤,1¡∂,1,4
1277,2017-11-23,»Â∏≤,1¡∂,1,4
1278,2017-11-23,»Â∏≤,2¡∂,1,4
1279,2017-11-24,∏º¿Ω,1¡∂,0,4
1280,2017-11-24,∏º¿Ω,2¡∂,0,4
1281,2017-11-25,∏º¿Ω,1¡∂,1,4
1282,2017-11-26,∏º¿Ω,∆˜¿Â∫∏ºˆ¡∂,0,4
1283,2017-11-27,∏º¿Ω,1¡∂,0,4
1284,2017-11-27,∏º¿Ω,2¡∂,0,4
1285,2017-11-28,∏º¿Ω,1¡∂,0,4
1286,2017-11-28,∏º¿Ω,2¡∂,1,4
1287,2017-11-29,∏º¿Ω,1¡∂,1,4
1288,2017-11-29,∏º¿Ω,2¡∂,1,4
1289,2017-11-30,∏º¿Ω,2¡∂,1,4
1290,2017-11-30,∏º¿Ω,1¡∂,1,4
1291,2017-12-01,∏º¿Ω,1¡∂,0,4
1292,2017-12-02,∏º¿Ω,2¡∂,1,4
1293,2017-12-01,∏º¿Ω,2¡∂,0,4
1294,2017-12-04,∏º¿Ω,2¡∂,1,4
1295,2017-12-03,∏º¿Ω,±‚≈∏,0,4
1296,2017-12-04,∏º¿Ω,1¡∂,1,4
1297,2017-12-05,∏º¿Ω,2¡∂,1,4
1298,2017-12-05,∏º¿Ω,1¡∂,1,4
1299,2017-12-06,∏º¿Ω,1¡∂,1,4
1300,2017-12-06,∏º¿Ω,2¡∂,1,4
1301,2017-12-07,»Â∏≤,2¡∂,1,4
1302,2017-12-07,»Â∏≤,1¡∂,0,4
1303,2017-12-08,∏º¿Ω,1¡∂,1,4
1304,2017-12-08,∏º¿Ω,2¡∂,1,4
1305,2017-12-09,∏º¿Ω,±‚≈∏,1,4
1306,2017-12-10,»Â∏≤,∆˜¿Â∫∏ºˆ¡∂,0,4
1307,2017-12-11,∏º¿Ω,1¡∂,0,4
1308,2017-12-11,∏º¿Ω,2¡∂,0,4
1309,2017-12-12,∏º¿Ω,1¡∂,0,4
1310,2017-12-12,∏º¿Ω,2¡∂,1,4
1311,2017-12-13,∏º¿Ω,2¡∂,1,4
1312,2017-12-13,∏º¿Ω,1¡∂,1,4
1313,2017-12-14,∏º¿Ω,2¡∂,1,4
1314,2017-12-14,∏º¿Ω,1¡∂,1,4
1315,2017-12-15,∏º¿Ω,1¡∂,1,4
1316,2017-12-16,∏º¿Ω,2¡∂,1,4
1317,2017-12-18,∏º¿Ω,1¡∂,0,4
1318,2017-12-18,∏º¿Ω,2¡∂,1,3
1319,2017-12-17,∏º¿Ω,∆˜¿Â∫∏ºˆ¡∂,0,4
1320,2017-12-19,∏º¿Ω,1¡∂,0,4
1321,2017-12-19,∏º¿Ω,2¡∂,1,4
1322,2017-12-20,∏º¿Ω,1¡∂,1,4
1323,2017-12-20,∏º¿Ω,2¡∂,0,4
1324,2017-12-21,∏º¿Ω,2¡∂,1,4
1325,2017-12-21,∏º¿Ω,1¡∂,1,4
1326,2017-12-22,∏º¿Ω,1¡∂,0,4
1327,2017-12-23,∏º¿Ω,1¡∂,1,4
1328,2017-12-22,∏º¿Ω,2¡∂,0,3
1329,2017-12-24,∫Ò,2¡∂,0,4
1330,2017-12-26,∏º¿Ω,2¡∂,0,4
1331,2017-12-27,∏º¿Ω,2¡∂,1,3
1332,2017-12-25,∏º¿Ω,1¡∂,0,4
1333,2017-12-26,∏º¿Ω,1¡∂,0,4
1334,2017-12-27,∏º¿Ω,1¡∂,1,4
1335,2017-12-28,∏º¿Ω,2¡∂,1,4
1336,2017-12-28,∏º¿Ω,1¡∂,1,4
1337,2017-12-29,∏º¿Ω,2¡∂,1,4
1338,2017-12-29,∏º¿Ω,1¡∂,1,4
1339,2017-12-31,∏º¿Ω,±‚≈∏,0,4
1340,2017-12-30,∏º¿Ω,2¡∂,1,4
1341,2018-01-01,∏º¿Ω,∆˜¿Â∫∏ºˆ¡∂,0,4
1342,2018-01-02,»Â∏≤,1¡∂,1,4
1343,2018-01-02,∏º¿Ω,2¡∂,1,4
1344,2018-01-03,∏º¿Ω,2¡∂,1,4
1345,2018-01-03,∏º¿Ω,1¡∂,1,4
1346,2018-01-04,»Â∏≤,1¡∂,1,4
1347,2018-01-04,∏º¿Ω,2¡∂,1,4
1348,2018-01-05,∏º¿Ω,2¡∂,1,4
1349,2018-01-05,∏º¿Ω,1¡∂,1,4
1350,2018-01-06,∏º¿Ω,1¡∂,1,4
1351,2018-01-08,∫Ò,1¡∂,1,4
1352,2018-01-07,∏º¿Ω,∆˜¿Â∫∏ºˆ¡∂,0,4
1353,2018-01-08,∫Ò,2¡∂,1,4
1354,2018-01-09,∏º¿Ω,1¡∂,1,4
1355,2018-01-09,∏º¿Ω,2¡∂,1,4
1356,2018-01-10,∏º¿Ω,2¡∂,1,4
1357,2018-01-11,∏º¿Ω,2¡∂,1,4
1358,2018-01-11,∏º¿Ω,1¡∂,1,4
1359,2018-01-12,∏º¿Ω,1¡∂,1,4
1360,2018-01-12,∏º¿Ω,2¡∂,1,4
1361,2018-01-13,∏º¿Ω,2¡∂,1,4
1362,2018-01-14,∏º¿Ω,∆˜¿Â∫∏ºˆ¡∂,0,4
1363,2018-01-15,∏º¿Ω,1¡∂,1,4
1364,2018-01-16,"∫Ò,»Â∏≤",1¡∂,1,4
1365,2018-01-17,∫Ò,1¡∂,0,4
1366,2018-01-15,∏º¿Ω,2¡∂,0,4
1367,2018-01-16,∫Ò,2¡∂,0,4
1368,2018-01-17,∫Ò,2¡∂,1,4
1369,2018-01-18,»Â∏≤,2¡∂,1,4
1370,2018-01-18,∏º¿Ω,1¡∂,1,4
1371,2018-01-19,∏º¿Ω,1¡∂,1,4
1372,2018-01-19,∏º¿Ω,2¡∂,1,4
1373,2018-01-20,∏º¿Ω,1¡∂,1,4
1374,2018-01-22,∏º¿Ω,1¡∂,1,4
1375,2018-01-22,»Â∏≤,2¡∂,1,4
1376,2018-01-21,∏º¿Ω,∆˜¿Â∫∏ºˆ¡∂,0,4
1377,2018-01-23,∏º¿Ω,1¡∂,1,4
1378,2018-01-23,∏º¿Ω,2¡∂,0,4
1379,2018-01-24,∏º¿Ω,2¡∂,1,4
1380,2018-01-24,∏º¿Ω,1¡∂,0,4
1381,2018-01-25,∏º¿Ω,1¡∂,0,4
1382,2018-01-25,∏º¿Ω,2¡∂,1,4
1383,2018-01-26,∏º¿Ω,1¡∂,1,4
1384,2018-01-26,∏º¿Ω,2¡∂,1,4
1385,2018-01-28,∏º¿Ω,2¡∂,1,4
1386,2018-01-29,∏º¿Ω,2¡∂,1,4
1387,2018-01-27,∏º¿Ω,∆˜¿Â∫∏ºˆ¡∂,0,4
1388,2018-01-30,∏º¿Ω,2¡∂,1,4
1389,2018-01-31,∏º¿Ω,2¡∂,1,4
1390,2018-02-01,∏º¿Ω,2¡∂,0,4
1391,2018-01-29,∏º¿Ω,1¡∂,1,4
1392,2018-01-30,∏º¿Ω,1¡∂,1,4
1393,2018-01-31,»Â∏≤,1¡∂,1,4
1394,2018-02-01,∏º¿Ω,1¡∂,1,4
1395,2018-02-02,∏º¿Ω,1¡∂,1,4
1396,2018-02-02,∏º¿Ω,2¡∂,1,4
1397,2018-02-03,∏º¿Ω,1¡∂,0,4
1398,2018-02-05,∏º¿Ω,1¡∂,1,4
1399,2018-02-04,∏º¿Ω,2¡∂,0,4
1400,2018-02-05,∏º¿Ω,2¡∂,1,4
1401,2018-02-06,∏º¿Ω,2¡∂,1,4
1402,2018-02-06,∏º¿Ω,1¡∂,1,4
1403,2018-02-07,∏º¿Ω,1¡∂,1,4
1404,2018-02-07,∏º¿Ω,2¡∂,1,4
1405,2018-02-08,∏º¿Ω,1¡∂,0,4
1406,2018-02-08,∏º¿Ω,2¡∂,1,4
1407,2018-02-09,∏º¿Ω,1¡∂,1,3
1408,2018-02-09,∏º¿Ω,2¡∂,1,4
1409,2018-02-10,∏º¿Ω,2¡∂,1,4
1410,2018-02-12,∏º¿Ω,2¡∂,1,4
1411,2018-02-11,∏º¿Ω,∆˜¿Â∫∏ºˆ¡∂,0,4
1412,2018-02-12,∏º¿Ω,1¡∂,1,2
1413,2018-02-13,∏º¿Ω,1¡∂,1,4
1414,2018-02-13,∏º¿Ω,2¡∂,1,4
1415,2018-02-14,∏º¿Ω,2¡∂,1,4
1416,2018-02-14,∏º¿Ω,1¡∂,1,3
1417,2018-02-15,∏º¿Ω,2¡∂,1,4
1418,2018-02-17,∏º¿Ω,∆˜¿Â∫∏ºˆ¡∂,0,4
1419,2018-02-18,∏º¿Ω,1¡∂,1,4
1420,2018-02-19,∏º¿Ω,2¡∂,1,4
1421,2018-02-19,∏º¿Ω,1¡∂,1,4
1422,2018-02-20,∏º¿Ω,2¡∂,1,4
1423,2018-02-20,∏º¿Ω,1¡∂,1,4
1424,2018-02-21,∏º¿Ω,2¡∂,1,4
1425,2018-02-21,∏º¿Ω,1¡∂,1,4
1426,2018-02-22,∏º¿Ω,1¡∂,1,4
1427,2018-02-22,∏º¿Ω,2¡∂,1,4
1428,2018-02-23,∏º¿Ω,1¡∂,1,4
1429,2018-02-23,∏º¿Ω,2¡∂,1,4
1430,2018-02-25,"∫Ò,»Â∏≤",∆˜¿Â∫∏ºˆ¡∂,1,4
1431,2018-02-26,∏º¿Ω,1¡∂,0,4
1432,2018-02-24,»Â∏≤,2¡∂,0,4
1433,2018-02-26,∏º¿Ω,2¡∂,1,4
1434,2018-02-27,∏º¿Ω,1¡∂,1,4
1435,2018-02-27,∏º¿Ω,2¡∂,1,4
1436,2018-02-28,∫Ò,1¡∂,1,4
1437,2018-02-28,∫Ò,2¡∂,1,4
1438,2018-03-01,»Â∏≤,2¡∂,0,4
1439,2018-03-02,∏º¿Ω,2¡∂,0,4
1440,2018-03-02,∏º¿Ω,1¡∂,1,4
1441,2018-03-03,∏º¿Ω,1¡∂,1,4
1442,2018-03-05,∫Ò,2¡∂,1,4
1443,2018-03-04,»Â∏≤,∆˜¿Â∫∏ºˆ¡∂,0,4
1444,2018-03-05,"∫Ò,»Â∏≤",1¡∂,1,4
1445,2018-03-06,∏º¿Ω,1¡∂,1,4
1446,2018-03-06,∏º¿Ω,2¡∂,1,4
1447,2018-03-07,"∫Ò,»Â∏≤",1¡∂,1,4
1448,2018-03-07,"∫Ò,»Â∏≤",2¡∂,1,4
1449,2018-03-08,"¥´,»Â∏≤",2¡∂,1,4
1450,2018-03-08,¥´,1¡∂,1,4
1451,2018-03-09,∏º¿Ω,2¡∂,1,4
1452,2018-03-09,»Â∏≤,1¡∂,1,4
1453,2018-03-10,∏º¿Ω,1¡∂,1,4
1454,2018-03-10,∏º¿Ω,2¡∂,1,4
1455,2018-03-12,∏º¿Ω,1¡∂,1,4
1456,2018-03-12,∏º¿Ω,2¡∂,1,4
1457,2018-03-13,∏º¿Ω,1¡∂,1,4
1458,2018-03-13,∏º¿Ω,2¡∂,0,4
1459,2018-03-14,∏º¿Ω,2¡∂,1,4
1460,2018-03-14,∏º¿Ω,1¡∂,1,4
1461,2018-03-15,∫Ò,1¡∂,0,4
1462,2018-03-16,»Â∏≤,1¡∂,0,4
1463,2018-03-17,∏º¿Ω,1¡∂,1,4
1464,2018-03-18,∏º¿Ω,∆˜¿Â∫∏ºˆ¡∂,0,4
1465,2018-03-19,∫Ò,1¡∂,1,4
1466,2018-03-15,∫Ò,2¡∂,0,3
1467,2018-03-16,»Â∏≤,2¡∂,0,4
1468,2018-03-19,∫Ò,2¡∂,1,4
1469,2018-03-20,∏º¿Ω,2¡∂,1,4
1470,2018-03-20,∏º¿Ω,1¡∂,0,4
1471,2018-03-21,¥´,±‚≈∏,1,4
1472,2018-03-22,∏º¿Ω,±‚≈∏,1,4
1473,2018-03-23,∏º¿Ω,1¡∂,1,4
1474,2018-03-23,∏º¿Ω,2¡∂,1,4
1475,2018-03-24,∏º¿Ω,∆˜¿Â∫∏ºˆ¡∂,0,4
1476,2018-03-25,∏º¿Ω,±‚≈∏,1,4
1477,2018-03-26,∏º¿Ω,2¡∂,1,4
1478,2018-03-26,∏º¿Ω,1¡∂,1,4
1479,2018-03-27,∏º¿Ω,2¡∂,0,4
1480,2018-03-27,∏º¿Ω,1¡∂,1,4
1481,2018-03-28,∏º¿Ω,2¡∂,1,4
1482,2018-03-28,∏º¿Ω,1¡∂,1,4
1483,2018-03-29,∏º¿Ω,1¡∂,1,4
1484,2018-03-29,∏º¿Ω,2¡∂,1,4
1485,2018-03-30,∏º¿Ω,2¡∂,1,4
1486,2018-03-30,∏º¿Ω,1¡∂,1,4
1487,2018-04-01,∏º¿Ω,∆˜¿Â∫∏ºˆ¡∂,1,4
1488,2018-04-02,∏º¿Ω,2¡∂,1,4
1489,2018-03-31,∏º¿Ω,1¡∂,0,4
1490,2018-04-02,∏º¿Ω,1¡∂,1,4
1491,2018-04-03,∏º¿Ω,1¡∂,0,4
1492,2018-04-03,∏º¿Ω,2¡∂,1,4
1493,2018-04-04,∫Ò,3¡∂,0,3
1494,2018-04-04,∫Ò,2¡∂,1,4
1495,2018-04-04,∫Ò,4¡∂,0,3
1496,2018-04-04,"∫Ò,»Â∏≤",1¡∂,1,3
1497,2018-04-05,»Â∏≤,1¡∂,1,2
1498,2018-04-05,"∫Ò,»Â∏≤",2¡∂,1,3
1499,2018-04-05,"∫Ò,∏º¿Ω",3¡∂,0,3
1500,2018-04-05,"∫Ò,»Â∏≤",4¡∂,0,3
1501,2018-04-06,"∫Ò,∏º¿Ω",2¡∂,1,2
1502,2018-04-06,"∫Ò,∏º¿Ω",1¡∂,1,3
1503,2018-04-06,"∫Ò,∏º¿Ω",4¡∂,0,3
1504,2018-04-06,"∫Ò,∏º¿Ω",3¡∂,0,3
1505,2018-04-07,∏º¿Ω,±‚≈∏,1,4
1506,2018-04-08,∏º¿Ω,∆˜¿Â∫∏ºˆ¡∂,0,4
1507,2018-04-09,∏º¿Ω,2¡∂,1,4
1508,2018-04-08,∏º¿Ω,∆˜¿Â∫∏ºˆ¡∂,0,4
1509,2018-04-09,∏º¿Ω,1¡∂,1,4
1510,2018-04-10,∏º¿Ω,2¡∂,1,4
1511,2018-04-10,∏º¿Ω,1¡∂,1,4
1512,2018-04-11,∏º¿Ω,1¡∂,1,4
1513,2018-04-12,∏º¿Ω,2¡∂,0,4
1514,2018-04-12,∏º¿Ω,1¡∂,1,4
1515,2018-04-13,∏º¿Ω,2¡∂,1,4
1516,2018-04-13,∏º¿Ω,1¡∂,1,4
1517,2018-04-15,∏º¿Ω,1¡∂,0,4
1518,2018-04-15,∏º¿Ω,2¡∂,1,4
1519,2018-04-14,∫Ò,±‚≈∏,0,3
1520,2018-04-16,∏º¿Ω,2¡∂,1,4
1521,2018-04-16,∏º¿Ω,1¡∂,1,4
1522,2018-04-17,∏º¿Ω,2¡∂,1,4
1523,2018-04-17,∏º¿Ω,1¡∂,1,4
1524,2018-04-18,∏º¿Ω,2¡∂,1,4
1525,2018-04-18,∏º¿Ω,1¡∂,1,4
1526,2018-04-19,∏º¿Ω,1¡∂,1,4
1527,2018-04-19,∏º¿Ω,2¡∂,0,4
1528,2018-04-20,∏º¿Ω,2¡∂,0,4
1529,2018-04-20,∏º¿Ω,1¡∂,1,4
1530,2018-04-21,∏º¿Ω,±‚≈∏,1,4
1531,2018-04-21,∏º¿Ω,2¡∂,1,4
1532,2018-04-22,"∫Ò,»Â∏≤",∆˜¿Â∫∏ºˆ¡∂,0,4
1533,2018-04-23,∫Ò,2¡∂,1,4
1534,2018-04-23,∫Ò,4¡∂,0,4
1535,2018-04-23,∫Ò,1¡∂,1,3
1536,2018-04-24,"∫Ò,»Â∏≤",2¡∂,1,4
1537,2018-04-24,"∫Ò,»Â∏≤",1¡∂,1,4
1538,2018-04-25,∏º¿Ω,2¡∂,1,4
1539,2018-04-25,∏º¿Ω,1¡∂,1,4
1540,2018-04-26,∏º¿Ω,2¡∂,1,4
1541,2018-04-27,∏º¿Ω,1¡∂,0,4
1542,2018-04-27,∏º¿Ω,2¡∂,1,4
1543,2018-04-27,∏º¿Ω,3¡∂,0,3
1544,2018-04-29,∏º¿Ω,∆˜¿Â∫∏ºˆ¡∂,0,4
1545,2018-04-30,∏º¿Ω,2¡∂,0,4
1546,2018-05-02,»Â∏≤,2¡∂,1,4
1547,2018-04-28,∏º¿Ω,1¡∂,0,4
1548,2018-04-30,∏º¿Ω,1¡∂,0,4
1549,2018-05-02,»Â∏≤,4¡∂,0,4
1550,2018-05-01,»Â∏≤,1¡∂,0,4
1551,2018-05-02,∫Ò,1¡∂,1,4
1552,2018-05-03,∏º¿Ω,1¡∂,0,3
1553,2018-05-03,∏º¿Ω,2¡∂,1,4
1554,2018-05-04,∏º¿Ω,1¡∂,1,3
1555,2018-05-05,∏º¿Ω,1¡∂,0,4
1556,2018-05-04,∏º¿Ω,2¡∂,0,4
1557,2018-05-06,∫Ò,2¡∂,0,4
1558,2018-05-08,∏º¿Ω,2¡∂,1,4
1559,2018-05-07,"∫Ò,»Â∏≤",1¡∂,0,4
1560,2018-05-08,»Â∏≤,1¡∂,1,4
1561,2018-05-09,∏º¿Ω,1¡∂,0,4
1562,2018-05-10,∏º¿Ω,1¡∂,0,4
1563,2018-05-10,∏º¿Ω,2¡∂,1,4
1564,2018-05-09,∏º¿Ω,2¡∂,0,4
1565,2018-05-11,∏º¿Ω,2¡∂,0,4
1566,2018-05-11,∏º¿Ω,1¡∂,1,4
1567,2018-05-12,"∫Ò,»Â∏≤",1¡∂,1,4
1568,2018-05-13,∏º¿Ω,1¡∂,0,4
1569,2018-05-14,∏º¿Ω,1¡∂,1,3
1570,2018-05-13,∏º¿Ω,2¡∂,0,4
1571,2018-05-14,∏º¿Ω,2¡∂,0,3
1572,2018-05-15,∏º¿Ω,2¡∂,1,4
1573,2018-05-15,∏º¿Ω,1¡∂,1,4
1574,2018-05-16,»Â∏≤,1¡∂,1,4
1575,2018-05-16,»Â∏≤,2¡∂,0,4
1576,2018-05-17,∏º¿Ω,1¡∂,1,4
1577,2018-05-18,"∫Ò,»Â∏≤",1¡∂,0,6
1578,2018-05-17,∏º¿Ω,2¡∂,0,4
1579,2018-05-18,"∫Ò,»Â∏≤",2¡∂,1,6
1580,2018-05-19,∏º¿Ω,2¡∂,1,4
1581,2018-05-20,∏º¿Ω,∆˜¿Â∫∏ºˆ¡∂,0,4
1582,2018-05-21,∏º¿Ω,1¡∂,0,3
1583,2018-05-21,∏º¿Ω,2¡∂,1,3
1584,2018-05-22,∏º¿Ω,2¡∂,1,4
1585,2018-05-23,∏º¿Ω,2¡∂,1,4
1586,2018-05-23,∏º¿Ω,1¡∂,1,4
1587,2018-05-24,∏º¿Ω,1¡∂,1,4
1588,2018-05-24,∏º¿Ω,2¡∂,1,4
1589,2018-05-25,∏º¿Ω,1¡∂,1,4
1590,2018-05-25,∏º¿Ω,2¡∂,0,4
1591,2018-05-28,∏º¿Ω,2¡∂,0,4
1592,2018-05-26,∏º¿Ω,1¡∂,0,4
1593,2018-05-27,»Â∏≤,∆˜¿Â∫∏ºˆ¡∂,0,4
1594,2018-05-28,∏º¿Ω,1¡∂,1,4
1595,2018-05-29,∏º¿Ω,1¡∂,1,4
1596,2018-05-29,∏º¿Ω,2¡∂,1,4
1597,2018-05-30,∏º¿Ω,1¡∂,1,3
1598,2018-05-30,∏º¿Ω,2¡∂,1,4
1599,2018-05-31,∏º¿Ω,1¡∂,0,4
1600,2018-05-31,∏º¿Ω,2¡∂,1,4
1601,2018-06-01,∏º¿Ω,2¡∂,1,4
1602,2018-06-01,∏º¿Ω,1¡∂,1,4
1603,2018-06-02,∏º¿Ω,2¡∂,1,4
1604,2018-06-03,∏º¿Ω,∆˜¿Â∫∏ºˆ¡∂,0,4
1605,2018-06-04,∏º¿Ω,1¡∂,0,3
1606,2018-06-04,∏º¿Ω,2¡∂,1,4
1607,2018-06-05,∏º¿Ω,2¡∂,1,4
1608,2018-06-05,"∫Ò,∏º¿Ω",1¡∂,1,3
1609,2018-06-06,∏º¿Ω,2¡∂,0,4
1610,2018-06-07,∏º¿Ω,1¡∂,1,3
1611,2018-06-07,∏º¿Ω,2¡∂,1,3
1612,2018-06-08,∏º¿Ω,2¡∂,0,4
1613,2018-06-08,∏º¿Ω,1¡∂,1,3
1614,2018-06-09,∏º¿Ω,1¡∂,0,4
1615,2018-06-10,»Â∏≤,∆˜¿Â∫∏ºˆ¡∂,1,4
1616,2018-06-11,"∫Ò,»Â∏≤",1¡∂,1,3
1617,2018-06-11,"∫Ò,»Â∏≤",2¡∂,0,3
1618,2018-06-12,∏º¿Ω,2¡∂,0,4
1619,2018-06-12,∏º¿Ω,1¡∂,1,4
1620,2018-06-13,∏º¿Ω,1¡∂,0,4
1621,2018-06-14,∏º¿Ω,1¡∂,1,4
1622,2018-06-14,∏º¿Ω,2¡∂,1,4
1623,2018-06-15,∏º¿Ω,2¡∂,0,4
1624,2018-06-16,∏º¿Ω,2¡∂,1,4
1625,2018-06-18,∏º¿Ω,2¡∂,1,4
1626,2018-06-17,∏º¿Ω,∆˜¿Â∫∏ºˆ¡∂,0,4
1627,2018-06-18,∏º¿Ω,1¡∂,1,4
1628,2018-06-19,"∫Ò,»Â∏≤",1¡∂,1,4
1629,2018-06-19,∏º¿Ω,2¡∂,1,4
1630,2018-06-20,∏º¿Ω,2¡∂,1,4
1631,2018-06-20,∏º¿Ω,1¡∂,1,3
1632,2018-06-21,∏º¿Ω,2¡∂,1,4
1633,2018-06-21,∏º¿Ω,1¡∂,1,3
1634,2018-06-22,∏º¿Ω,2¡∂,1,4
1635,2018-06-22,∏º¿Ω,1¡∂,0,4
1636,2018-06-23,∏º¿Ω,∆˜¿Â∫∏ºˆ¡∂,0,4
1637,2018-06-25,∏º¿Ω,2¡∂,1,4
1638,2018-06-24,∏º¿Ω,1¡∂,0,4
1639,2018-06-25,∏º¿Ω,1¡∂,1,4
1640,2018-06-26,»Â∏≤,1¡∂,1,3
1641,2018-06-26,"∫Ò,»Â∏≤",2¡∂,1,4
1642,2018-06-27,"∫Ò,∏º¿Ω",1¡∂,1,3
1643,2018-06-27,"∫Ò,∏º¿Ω",2¡∂,0,4
1644,2018-06-27,"∫Ò,∏º¿Ω",3¡∂,0,3
1645,2018-06-28,"∫Ò,»Â∏≤",1¡∂,0,3
1646,2018-06-28,"∫Ò,»Â∏≤",2¡∂,1,3
1647,2018-06-28,"∫Ò,»Â∏≤",3¡∂,0,3
1648,2018-06-28,"∫Ò,»Â∏≤",4¡∂,0,3
1649,2018-06-29,∏º¿Ω,1¡∂,0,4
1650,2018-06-29,∏º¿Ω,2¡∂,1,4
1651,2018-07-01,"∫Ò,»Â∏≤",1¡∂,0,4
1652,2018-06-30,∫Ò,2¡∂,0,4
1653,2018-07-01,"∫Ò,»Â∏≤",2¡∂,1,4
1654,2018-07-02,∫Ò,2¡∂,1,4
1655,2018-07-02,∫Ò,3¡∂,0,4
1656,2018-07-02,∫Ò,4¡∂,0,4
1657,2018-07-02,∫Ò,1¡∂,1,3
1658,2018-07-03,∫Ò,2¡∂,1,3
1659,2018-07-03,∫Ò,4¡∂,0,4
1660,2018-07-03,∫Ò,3¡∂,0,3
1661,2018-07-03,∫Ò,1¡∂,1,3
1662,2018-07-04,∏º¿Ω,3¡∂,0,3
1663,2018-07-04,∏º¿Ω,2¡∂,1,4
1664,2018-07-04,∏º¿Ω,1¡∂,1,3
1665,2018-07-04,∏º¿Ω,4¡∂,0,4
1666,2018-07-05,"∫Ò,∏º¿Ω",2¡∂,0,4
1667,2018-07-05,"∫Ò,∏º¿Ω",3¡∂,0,3
1668,2018-07-05,∫Ò,4¡∂,0,3
1669,2018-07-05,"∫Ò,»Â∏≤",1¡∂,1,3
1670,2018-07-06,»Â∏≤,2¡∂,1,3
1671,2018-07-06,»Â∏≤,4¡∂,0,4
1672,2018-07-06,»Â∏≤,3¡∂,0,3
1673,2018-07-06,»Â∏≤,1¡∂,1,3
1674,2018-07-07,∏º¿Ω,1¡∂,0,3
1675,2018-07-08,»Â∏≤,∆˜¿Â∫∏ºˆ¡∂(1),0,3
1676,2018-07-07,∏º¿Ω,2¡∂,0,3
1677,2018-07-08,»Â∏≤,∆˜¿Â∫∏ºˆ¡∂(2),1,3
1678,2018-07-09,∫Ò,2¡∂,1,4
1679,2018-07-09,∫Ò,3¡∂,0,3
1680,2018-07-09,∫Ò,4¡∂,0,4
1681,2018-07-09,∫Ò,1¡∂,1,3
1682,2018-07-10,∏º¿Ω,1¡∂,1,4
1683,2018-07-10,∏º¿Ω,2¡∂,1,4
1684,2018-07-11,∏º¿Ω,2¡∂,0,4
1685,2018-07-11,∏º¿Ω,1¡∂,1,4
1686,2018-07-12,∏º¿Ω,1¡∂,1,4
1687,2018-07-12,∏º¿Ω,2¡∂,1,3
1688,2018-07-13,∏º¿Ω,1¡∂,0,4
1689,2018-07-13,∏º¿Ω,2¡∂,1,4
1690,2018-07-14,∏º¿Ω,2¡∂,0,4
1691,2018-07-16,∏º¿Ω,2¡∂,0,3
1692,2018-07-15,∏º¿Ω,∆˜¿Â∫∏ºˆ¡∂,0,4
1693,2018-07-16,∏º¿Ω,1¡∂,1,3
1694,2018-07-17,∏º¿Ω,2¡∂,1,4
1695,2018-07-17,∏º¿Ω,1¡∂,1,4
1696,2018-07-18,∏º¿Ω,2¡∂,1,4
1697,2018-07-18,∏º¿Ω,1¡∂,1,4
1698,2018-07-19,∏º¿Ω,1¡∂,1,3
1699,2018-07-19,∏º¿Ω,2¡∂,1,4
1700,2018-07-20,∏º¿Ω,2¡∂,1,3
1701,2018-07-20,∏º¿Ω,1¡∂,1,4
1702,2018-07-21,∏º¿Ω,1¡∂,1,4
1703,2018-07-22,∏º¿Ω,∆˜¿Â∫∏ºˆ¡∂,0,4
1704,2018-07-23,∏º¿Ω,2¡∂,1,4
1705,2018-07-23,∏º¿Ω,1¡∂,1,4
1706,2018-07-24,∏º¿Ω,1¡∂,1,4
1707,2018-07-24,∏º¿Ω,2¡∂,1,4
1708,2018-07-25,∏º¿Ω,2¡∂,1,4
1709,2018-07-25,∏º¿Ω,1¡∂,1,4
1710,2018-07-26,∏º¿Ω,2¡∂,1,3
1711,2018-07-26,∏º¿Ω,1¡∂,1,4
1712,2018-07-27,∏º¿Ω,2¡∂,1,3
1713,2018-07-27,∏º¿Ω,1¡∂,1,3
1714,2018-07-28,∏º¿Ω,±‚≈∏,1,4
1715,2018-07-29,∏º¿Ω,∆˜¿Â∫∏ºˆ¡∂,0,4
1716,2018-07-30,∏º¿Ω,1¡∂,1,3
1717,2018-07-30,∏º¿Ω,2¡∂,1,4
1718,2018-07-31,∏º¿Ω,2¡∂,1,3
1719,2018-07-31,∏º¿Ω,1¡∂,1,3
1720,2018-08-01,∏º¿Ω,1¡∂,1,3
1721,2018-08-01,∏º¿Ω,2¡∂,1,3
1722,2018-08-02,∏º¿Ω,1¡∂,1,3
1723,2018-08-02,∏º¿Ω,2¡∂,1,3
1724,2018-08-03,∏º¿Ω,2¡∂,1,4
1725,2018-08-03,∏º¿Ω,1¡∂,1,3
1726,2018-08-04,∏º¿Ω,1¡∂,1,4
1727,2018-08-05,∏º¿Ω,∆˜¿Â∫∏ºˆ¡∂,0,4
1728,2018-08-06,∏º¿Ω,2¡∂,1,4
1729,2018-08-06,»Â∏≤,1¡∂,1,4
1730,2018-08-07,∏º¿Ω,1¡∂,1,4
1731,2018-08-07,∏º¿Ω,2¡∂,0,4
1732,2018-08-08,∏º¿Ω,2¡∂,1,4
1733,2018-08-08,∏º¿Ω,1¡∂,1,4
1734,2018-08-09,∏º¿Ω,2¡∂,1,4
1735,2018-08-09,∏º¿Ω,1¡∂,1,4
1736,2018-08-10,"∫Ò,∏º¿Ω",1¡∂,1,3
1737,2018-08-10,"∫Ò,∏º¿Ω",2¡∂,1,3
1738,2018-08-10,"∫Ò,∏º¿Ω",3¡∂,0,3
1739,2018-08-10,"∫Ò,∏º¿Ω",4¡∂,0,4
1740,2018-08-11,»Â∏≤,2¡∂,1,4
1741,2018-08-12,∏º¿Ω,∆˜¿Â∫∏ºˆ¡∂,0,4
1742,2018-08-13,∏º¿Ω,2¡∂,1,4
1743,2018-08-13,∏º¿Ω,1¡∂,1,3
1744,2018-08-14,∏º¿Ω,1¡∂,1,3
1745,2018-08-14,∏º¿Ω,2¡∂,0,4
1746,2018-08-15,∏º¿Ω,1¡∂,0,4
1747,2018-08-16,"∫Ò,»Â∏≤",1¡∂,0,3
1748,2018-08-16,"∫Ò,»Â∏≤",2¡∂,1,4
1749,2018-08-16,"∫Ò,»Â∏≤",3¡∂,0,3
1750,2018-08-16,"∫Ò,»Â∏≤",4¡∂,0,4
1751,2018-08-17,∏º¿Ω,2¡∂,1,4
1752,2018-08-17,∏º¿Ω,1¡∂,0,4
1753,2018-08-18,∏º¿Ω,∆˜¿Â∫∏ºˆ¡∂,0,4
1754,2018-08-19,∏º¿Ω,2¡∂,0,4
1755,2018-08-20,∏º¿Ω,1¡∂,0,4
1756,2018-08-20,∏º¿Ω,2¡∂,1,4
1757,2018-08-21,∏º¿Ω,2¡∂,1,4
1758,2018-08-21,∏º¿Ω,1¡∂,1,4
1759,2018-08-22,∏º¿Ω,2¡∂,1,4
1760,2018-08-22,∏º¿Ω,1¡∂,1,4
1761,2018-08-23,"∫Ò,»Â∏≤",1¡∂,1,4
1762,2018-08-23,"∫Ò,»Â∏≤",2¡∂,1,4
1763,2018-08-24,»Â∏≤,1¡∂,1,3
1764,2018-08-24,∏º¿Ω,3¡∂,0,3
1765,2018-08-24,∏º¿Ω,2¡∂,1,3
1766,2018-08-24,∏º¿Ω,4¡∂,0,3
1767,2018-08-25,"∫Ò,»Â∏≤",1¡∂,1,4
1768,2018-08-26,∫Ò,∆˜¿Â∫∏ºˆ¡∂,0,4
1769,2018-08-27,∫Ò,1¡∂,1,3
1770,2018-08-27,∫Ò,2¡∂,1,3
1771,2018-08-27,∫Ò,4¡∂,0,3
1772,2018-08-28,»Â∏≤,1¡∂,1,3
1773,2018-08-28,»Â∏≤,3¡∂,0,3
1774,2018-08-28,∏º¿Ω,2¡∂,1,4
1775,2018-08-27,∫Ò,3¡∂,0,3
1776,2018-08-28,∏º¿Ω,4¡∂,0,4
1777,2018-08-29,∏º¿Ω,2¡∂,1,4
1778,2018-08-29,∏º¿Ω,1¡∂,1,4
1779,2018-08-30,∏º¿Ω,2¡∂,1,4
1780,2018-08-31,"∫Ò,»Â∏≤",2¡∂,1,4
1781,2018-08-31,"∫Ò,»Â∏≤",3¡∂,0,3
1782,2018-08-31,"∫Ò,»Â∏≤",4¡∂,0,4
1783,2018-08-31,∫Ò,1¡∂,1,3
1784,2018-09-01,∏º¿Ω,1¡∂,0,4
1785,2018-09-02,»Â∏≤,∆˜¿Â∫∏ºˆ¡∂,0,4
1786,2018-09-03,"∫Ò,»Â∏≤",2¡∂,1,4
1787,2018-09-03,"∫Ò,»Â∏≤",3¡∂,0,3
1788,2018-09-03,"∫Ò,»Â∏≤",1¡∂,1,3
1789,2018-09-03,"∫Ò,»Â∏≤",4¡∂,0,4
1790,2018-09-04,∏º¿Ω,2¡∂,1,4
1791,2018-09-04,∏º¿Ω,1¡∂,1,4
1792,2018-09-05,∏º¿Ω,1¡∂,1,4
1793,2018-09-05,∏º¿Ω,2¡∂,1,4
1794,2018-09-06,∏º¿Ω,2¡∂,1,4
1795,2018-09-06,∏º¿Ω,1¡∂,1,3
1796,2018-09-07,"∫Ò,»Â∏≤",1¡∂,1,4
1797,2018-09-07,"∫Ò,»Â∏≤",3¡∂,0,3
1798,2018-09-07,"∫Ò,»Â∏≤",2¡∂,1,3
1799,2018-09-07,"∫Ò,»Â∏≤",4¡∂,1,3
1800,2018-09-08,∏º¿Ω,1¡∂,1,4
1801,2018-09-09,∏º¿Ω,2¡∂,1,4
1802,2018-09-10,∏º¿Ω,1¡∂,1,4
1803,2018-09-10,∏º¿Ω,2¡∂,1,4
1804,2018-09-11,∏º¿Ω,2¡∂,1,4
1805,2018-09-11,∏º¿Ω,1¡∂,1,4
1806,2018-09-12,∏º¿Ω,2¡∂,1,4
1807,2018-09-12,∏º¿Ω,1¡∂,1,4
1808,2018-09-13,"∫Ò,∏º¿Ω",1¡∂,1,4
1809,2018-09-13,"∫Ò,∏º¿Ω",2¡∂,1,4
1810,2018-09-14,∫Ò,1¡∂,1,4
1811,2018-09-14,∫Ò,2¡∂,1,4
1812,2018-09-15,»Â∏≤,1¡∂,0,4
1813,2018-09-16,»Â∏≤,1¡∂,1,4
1814,2018-09-17,∏º¿Ω,1¡∂,1,4
1815,2018-09-17,∏º¿Ω,2¡∂,0,4
1816,2018-09-18,∏º¿Ω,2¡∂,1,3
1817,2018-09-19,∏º¿Ω,1¡∂,1,3
1818,2018-09-19,∏º¿Ω,2¡∂,1,3
1819,2018-09-18,∏º¿Ω,1¡∂,1,4
1820,2018-09-20,"∫Ò,»Â∏≤",1¡∂,1,4
1821,2018-09-20,"∫Ò,»Â∏≤",2¡∂,1,4
1822,2018-09-21,∫Ò,2¡∂,1,4
1823,2018-09-22,∏º¿Ω,2¡∂,1,4
1824,2018-09-21,∫Ò,1¡∂,1,4
1825,2018-09-25,∏º¿Ω,1¡∂,0,4
1826,2018-09-23,∏º¿Ω,1¡∂,0,4
1827,2018-09-26,»Â∏≤,1¡∂,1,4
1828,2018-09-27,∏º¿Ω,1¡∂,1,4
1829,2018-09-27,∏º¿Ω,2¡∂,1,4
1830,2018-09-28,∏º¿Ω,2¡∂,1,4
1831,2018-09-28,∏º¿Ω,1¡∂,0,4
1832,2018-09-30,»Â∏≤,∆˜¿Â∫∏ºˆ¡∂,1,3
1833,2018-09-29,»Â∏≤,∆˜¿Â∫∏ºˆ¡∂,1,3
1834,2018-10-01,∏º¿Ω,1¡∂,1,4
1835,2018-10-02,∏º¿Ω,1¡∂,1,4
1836,2018-10-03,∏º¿Ω,1¡∂,1,4
1837,2018-10-01,∏º¿Ω,2¡∂,1,3
1838,2018-10-02,∏º¿Ω,2¡∂,1,3
1839,2018-10-04,∏º¿Ω,1¡∂,1,3
1840,2018-10-04,∏º¿Ω,2¡∂,1,3
1841,2018-10-05,∫Ò,1¡∂,1,3
1842,2018-10-10,»Â∏≤,1¡∂,1,3
1843,2018-10-05,∫Ò,2¡∂,0,3
1844,2018-10-06,∫Ò,2¡∂,0,4
1845,2018-10-07,∏º¿Ω,1¡∂,0,4
1846,2018-10-08,»Â∏≤,2¡∂,0,4
1847,2018-10-09,∏º¿Ω,1¡∂,0,4
1848,2018-10-10,∏º¿Ω,2¡∂,1,3
1849,2018-10-06,∫Ò,1¡∂,0,4
1850,2018-10-11,∏º¿Ω,1¡∂,1,3
1851,2018-10-12,∏º¿Ω,1¡∂,1,4
1852,2018-10-12,∏º¿Ω,2¡∂,1,3
1853,2018-10-08,∏º¿Ω,1¡∂,0,4
1854,2018-10-13,∏º¿Ω,1¡∂,0,4
1855,2018-10-05,∫Ò,3¡∂,0,3
1856,2018-10-10,»Â∏≤,3¡∂,0,3
1857,2018-10-05,∫Ò,4¡∂,0,3
1858,2018-10-10,»Â∏≤,4¡∂,0,3
1859,2018-10-11,∏º¿Ω,2¡∂,1,4
1860,2018-10-15,∏º¿Ω,2¡∂,1,4
1861,2018-10-14,∏º¿Ω,2¡∂,0,4
1862,2018-10-15,∏º¿Ω,1¡∂,1,4
1863,2018-10-16,∏º¿Ω,1¡∂,1,3
1864,2018-10-16,∏º¿Ω,2¡∂,0,4
1865,2018-10-17,∏º¿Ω,1¡∂,1,4
1866,2018-10-17,∏º¿Ω,2¡∂,1,4
1867,2018-10-18,∏º¿Ω,2¡∂,1,4
1868,2018-10-18,∏º¿Ω,1¡∂,1,4
1869,2018-10-19,∏º¿Ω,2¡∂,1,4
1870,2018-10-19,∏º¿Ω,1¡∂,1,4
1871,2018-10-20,∏º¿Ω,2¡∂,1,4
1872,2018-10-21,∏º¿Ω,1¡∂,0,4
1873,2018-10-22,∏º¿Ω,2¡∂,1,3
1874,2018-10-22,∏º¿Ω,1¡∂,1,3
1875,2018-10-23,∏º¿Ω,1¡∂,1,4
1876,2018-10-23,∏º¿Ω,2¡∂,0,4
1877,2018-10-24,∏º¿Ω,1¡∂,1,4
1878,2018-10-24,∏º¿Ω,2¡∂,1,4
1879,2018-10-25,∏º¿Ω,1¡∂,1,4
1880,2018-10-25,∏º¿Ω,2¡∂,1,4
1881,2018-10-26,"∫Ò,∏º¿Ω",2¡∂,1,3
1882,2018-10-26,∫Ò,1¡∂,0,3
1883,2018-10-27,∏º¿Ω,1¡∂,0,4
1884,2018-10-29,"∫Ò,∏º¿Ω",2¡∂,0,4
1885,2018-10-30,∏º¿Ω,2¡∂,1,4
1886,2018-10-30,∏º¿Ω,1¡∂,1,4
1887,2018-10-29,»Â∏≤,1¡∂,0,4
1888,2018-10-28,∏º¿Ω,1¡∂,0,4
1889,2018-10-31,∏º¿Ω,2¡∂,1,4
1890,2018-10-31,∏º¿Ω,1¡∂,1,4
1891,2018-11-01,∏º¿Ω,1¡∂,1,3
1892,2018-11-01,∏º¿Ω,2¡∂,1,4
1893,2018-11-02,∏º¿Ω,2¡∂,1,4
1894,2018-11-02,∏º¿Ω,1¡∂,1,3
1895,2018-11-03,∏º¿Ω,1¡∂,0,4
1896,2018-11-04,∏º¿Ω,1¡∂,1,4
1897,2018-11-05,∏º¿Ω,1¡∂,1,4
1898,2018-11-03,∏º¿Ω,2¡∂,0,4
1899,2018-11-05,∏º¿Ω,2¡∂,1,3
1900,2018-11-06,∏º¿Ω,2¡∂,1,4
1901,2018-11-07,"∫Ò,∏º¿Ω",2¡∂,1,4
1902,2018-11-07,"∫Ò,∏º¿Ω",1¡∂,1,4
1903,2018-11-06,∏º¿Ω,1¡∂,0,4
1904,2018-11-08,∫Ò,1¡∂,1,4
1905,2018-11-08,∫Ò,2¡∂,1,4
1906,2018-11-09,∏º¿Ω,1¡∂,1,4
1907,2018-11-09,∏º¿Ω,2¡∂,1,4
1908,2018-11-10,∏º¿Ω,2¡∂,1,4
1909,2018-11-10,∏º¿Ω,1¡∂,0,3
1910,2018-11-11,»Â∏≤,1¡∂,0,4
1911,2018-11-12,∏º¿Ω,2¡∂,1,4
1912,2018-11-12,∏º¿Ω,1¡∂,0,4
1913,2018-11-13,∏º¿Ω,1¡∂,1,4
1914,2018-11-14,∏º¿Ω,1¡∂,1,3
1915,2018-11-15,∏º¿Ω,1¡∂,1,4
1916,2018-11-13,∏º¿Ω,2¡∂,0,4
1917,2018-11-14,∏º¿Ω,2¡∂,1,4
1918,2018-11-15,∏º¿Ω,2¡∂,1,4
1919,2018-11-16,"∫Ò,»Â∏≤",2¡∂,1,4
1920,2018-11-16,"∫Ò,»Â∏≤",1¡∂,1,4
1921,2018-11-17,∏º¿Ω,2¡∂,0,4
1922,2018-11-18,∏º¿Ω,1¡∂,0,4
1923,2018-11-19,∏º¿Ω,2¡∂,1,4
1924,2018-11-19,∏º¿Ω,1¡∂,0,4
1925,2018-11-20,∏º¿Ω,1¡∂,1,4
1926,2018-11-20,∏º¿Ω,2¡∂,1,4
1927,2018-11-21,»Â∏≤,1¡∂,1,4
1928,2018-11-22,∏º¿Ω,1¡∂,1,4
1929,2018-11-21,∏º¿Ω,2¡∂,0,3
1930,2018-11-22,∏º¿Ω,2¡∂,1,4
1931,2018-11-23,∏º¿Ω,1¡∂,1,4
1932,2018-11-23,∏º¿Ω,2¡∂,1,4
1933,2018-11-24,∏º¿Ω,1¡∂,1,4
1934,2018-11-26,∏º¿Ω,1¡∂,1,4
1935,2018-11-25,»Â∏≤,1¡∂,0,4
1936,2018-11-26,∏º¿Ω,2¡∂,0,4
1937,2018-11-28,∏º¿Ω,1¡∂,1,4
1938,2018-11-27,∏º¿Ω,1¡∂,0,4
1939,2018-11-28,∏º¿Ω,2¡∂,1,4
1940,2018-11-27,∏º¿Ω,2¡∂,0,4
1941,2018-11-29,»Â∏≤,1¡∂,1,4
1942,2018-11-29,∏º¿Ω,2¡∂,1,4
1943,2018-11-30,∏º¿Ω,2¡∂,1,4
1944,2018-12-01,∏º¿Ω,2¡∂,1,4
1945,2018-11-30,∏º¿Ω,1¡∂,0,4
1946,2018-12-03,»Â∏≤,1¡∂,1,4
1947,2018-12-03,∏º¿Ω,2¡∂,1,3
1948,2018-12-02,∏º¿Ω,1¡∂,0,4
1949,2018-12-04,"∫Ò,»Â∏≤",1¡∂,1,3
1950,2018-12-04,"∫Ò,»Â∏≤",2¡∂,0,4
1951,2018-12-04,"∫Ò,»Â∏≤",3¡∂,0,3
1952,2018-12-04,"∫Ò,»Â∏≤",4¡∂,0,4
1953,2018-12-05,∏º¿Ω,1¡∂,1,4
1954,2018-12-05,∏º¿Ω,2¡∂,1,4
1955,2018-12-06,"∫Ò,∏º¿Ω",1¡∂,1,3
1956,2018-12-06,"∫Ò,»Â∏≤",2¡∂,1,4
1957,2018-12-07,∏º¿Ω,1¡∂,1,4
1958,2018-12-07,∏º¿Ω,2¡∂,1,4
1959,2018-12-08,∏º¿Ω,1¡∂,0,4
1960,2018-12-09,∏º¿Ω,1¡∂,1,4
1961,2018-12-10,∏º¿Ω,1¡∂,1,4
1962,2018-12-10,∏º¿Ω,2¡∂,0,4
1963,2018-12-11,¥´,2¡∂,1,4
1964,2018-12-12,∏º¿Ω,2¡∂,1,4
1965,2018-12-12,∏º¿Ω,1¡∂,0,4
1966,2018-12-13,∏º¿Ω,1¡∂,1,4
1967,2018-12-13,∏º¿Ω,2¡∂,1,4
1968,2018-12-14,∏º¿Ω,2¡∂,1,4
1969,2018-12-15,∏º¿Ω,2¡∂,0,4
1970,2018-12-14,∏º¿Ω,1¡∂,0,4
1971,2018-12-16,"¥´,»Â∏≤",∆˜¿Â∫∏ºˆ¡∂,0,4
1972,2018-12-17,∏º¿Ω,2¡∂,0,4
1973,2018-12-17,∏º¿Ω,1¡∂,0,4
1974,2018-12-18,∏º¿Ω,2¡∂,1,4
1975,2018-12-18,∏º¿Ω,1¡∂,1,4
1976,2018-12-19,∏º¿Ω,1¡∂,1,4
1977,2018-12-19,∏º¿Ω,2¡∂,0,4
1978,2018-12-20,∏º¿Ω,1¡∂,1,4
1979,2018-12-20,∏º¿Ω,2¡∂,1,4
1980,2018-12-21,∏º¿Ω,1¡∂,1,4
1981,2018-12-21,∏º¿Ω,2¡∂,1,3
1982,2018-12-22,∏º¿Ω,1¡∂,1,4
1983,2018-12-24,∏º¿Ω,1¡∂,0,3
1984,2018-12-23,∏º¿Ω,1¡∂,0,4
1985,2018-12-25,∏º¿Ω,1¡∂,0,4
1986,2018-12-24,∏º¿Ω,2¡∂,1,4
1987,2018-12-26,∏º¿Ω,2¡∂,1,4
1988,2018-12-26,∏º¿Ω,1¡∂,0,4
1989,2018-12-27,∏º¿Ω,2¡∂,0,4
1990,2018-12-27,∏º¿Ω,1¡∂,1,4
1991,2018-12-28,∏º¿Ω,1¡∂,0,4
1992,2018-12-30,∏º¿Ω,1¡∂,0,4
1993,2018-12-31,∏º¿Ω,1¡∂,1,4
1994,2018-12-29,∏º¿Ω,1¡∂,0,4
1995,2019-01-01,∏º¿Ω,1¡∂,1,4
1996,2018-12-28,∏º¿Ω,2¡∂,0,4
1997,2018-12-31,∏º¿Ω,2¡∂,0,4
1998,2019-01-02,∏º¿Ω,1¡∂,1,4
1999,2019-01-02,∏º¿Ω,2¡∂,1,4
2000,2019-01-03,∏º¿Ω,1¡∂,1,4
2001,2019-01-03,∏º¿Ω,2¡∂,1,4
2002,2019-01-04,∏º¿Ω,1¡∂,1,4
2003,2019-01-04,∏º¿Ω,2¡∂,1,4
2004,2019-01-05,∏º¿Ω,2¡∂,0,4
2005,2019-01-06,∏º¿Ω,2¡∂,0,4
2006,2019-01-07,∏º¿Ω,2¡∂,1,4
2007,2019-01-07,∏º¿Ω,1¡∂,1,4
2008,2019-01-08,∏º¿Ω,2¡∂,1,3
2009,2019-01-08,∏º¿Ω,1¡∂,1,4
2010,2019-01-09,∏º¿Ω,1¡∂,0,4
2011,2019-01-10,∏º¿Ω,1¡∂,1,3
2012,2019-01-09,∏º¿Ω,2¡∂,1,3
2013,2019-01-10,∏º¿Ω,2¡∂,1,3
2014,2019-01-11,∏º¿Ω,1¡∂,1,4
2015,2019-01-11,∏º¿Ω,2¡∂,1,4
2016,2019-01-12,"∫Ò,∏º¿Ω",1¡∂,1,3
2017,2019-01-13,∏º¿Ω,1¡∂,0,4
2018,2019-01-14,∏º¿Ω,1¡∂,1,3
2019,2019-01-14,∏º¿Ω,2¡∂,1,4
2020,2019-01-15,∏º¿Ω,1¡∂,1,4
2021,2019-01-15,∏º¿Ω,2¡∂,1,4
2022,2019-01-16,∏º¿Ω,1¡∂,1,4
2023,2019-01-16,∏º¿Ω,2¡∂,1,4
2024,2019-01-17,∏º¿Ω,1¡∂,1,4
2025,2019-01-17,∏º¿Ω,2¡∂,1,4
2026,2019-01-18,∏º¿Ω,2¡∂,1,4
2027,2019-01-19,∏º¿Ω,2¡∂,0,4
2028,2019-01-20,∏º¿Ω,2¡∂,1,4
2029,2019-01-21,∏º¿Ω,1¡∂,1,4
2030,2019-01-21,∏º¿Ω,2¡∂,1,4
2031,2019-01-18,∏º¿Ω,1¡∂,0,4
2032,2019-01-22,∏º¿Ω,2¡∂,1,4
2033,2019-01-22,∏º¿Ω,1¡∂,1,4
2034,2019-01-23,∏º¿Ω,2¡∂,1,4
2035,2019-01-23,∏º¿Ω,1¡∂,1,4
2036,2019-01-24,∏º¿Ω,2¡∂,1,4
2037,2019-01-24,∏º¿Ω,1¡∂,0,4
2038,2019-01-25,∏º¿Ω,2¡∂,1,4
2039,2019-01-25,∏º¿Ω,1¡∂,1,4
2040,2019-01-27,∏º¿Ω,2¡∂,0,4
2041,2019-01-26,∏º¿Ω,1¡∂,0,4
2042,2019-01-28,∏º¿Ω,1¡∂,1,4
2043,2019-01-28,∏º¿Ω,2¡∂,0,4
2044,2019-01-29,∏º¿Ω,1¡∂,1,4
2045,2019-01-29,∏º¿Ω,2¡∂,1,4
2046,2019-01-30,∏º¿Ω,1¡∂,1,4
2047,2019-01-30,∏º¿Ω,2¡∂,1,4
2048,2019-01-31,"¥´,»Â∏≤",2¡∂,1,4
2049,2019-02-01,∏º¿Ω,2¡∂,1,3
2050,2019-02-02,∏º¿Ω,2¡∂,1,4
2051,2019-02-03,∫Ò,2¡∂,0,4
2052,2019-02-01,∏º¿Ω,1¡∂,1,3
2053,2019-02-04,∏º¿Ω,1¡∂,1,4
2054,2019-02-06,∏º¿Ω,1¡∂,0,3
2055,2019-02-07,»Â∏≤,1¡∂,1,3
2056,2019-02-07,»Â∏≤,2¡∂,1,4
2057,2019-02-08,∏º¿Ω,1¡∂,1,3
2058,2019-02-08,∏º¿Ω,2¡∂,1,4
2059,2019-02-11,∏º¿Ω,1¡∂,1,3
2060,2019-02-11,∏º¿Ω,2¡∂,1,4
2061,2019-02-10,∏º¿Ω,1¡∂,0,3
2062,2019-02-12,∏º¿Ω,2¡∂,1,4
2063,2019-02-12,∏º¿Ω,1¡∂,1,4
2064,2019-02-13,∏º¿Ω,1¡∂,1,4
2065,2019-02-14,∏º¿Ω,1¡∂,1,4
2066,2019-02-13,∏º¿Ω,2¡∂,0,4
2067,2019-02-14,∏º¿Ω,2¡∂,0,4
2068,2019-02-15,∏º¿Ω,1¡∂,1,4
2069,2019-02-15,∏º¿Ω,2¡∂,1,4
2070,2019-02-09,∏º¿Ω,2¡∂,0,1
2071,2019-02-16,∏º¿Ω,1¡∂,1,4
2072,2019-02-17,∏º¿Ω,1¡∂,0,4
2073,2019-02-19,"∫Ò,»Â∏≤",1¡∂,1,3
2074,2019-02-18,∏º¿Ω,1¡∂,1,4
2075,2019-02-19,"∫Ò,»Â∏≤",3¡∂,0,3
2076,2019-02-18,∏º¿Ω,2¡∂,0,4
2077,2019-02-20,∏º¿Ω,2¡∂,1,4
2078,2019-02-20,∏º¿Ω,1¡∂,1,3
2079,2019-02-19,"∫Ò,»Â∏≤",2¡∂,1,4
2080,2019-02-19,"∫Ò,»Â∏≤",4¡∂,0,4
2081,2019-02-21,∏º¿Ω,2¡∂,1,4
2082,2019-02-24,∏º¿Ω,2¡∂,1,4
2083,2019-02-23,∏º¿Ω,2¡∂,0,4
2084,2019-02-22,∏º¿Ω,2¡∂,1,4
2085,2019-02-22,∏º¿Ω,1¡∂,0,4
2086,2019-02-21,∏º¿Ω,1¡∂,0,4
2087,2019-02-25,∏º¿Ω,1¡∂,1,4
2088,2019-02-25,∏º¿Ω,2¡∂,0,4
2089,2019-02-26,∏º¿Ω,1¡∂,1,3
2090,2019-02-26,∏º¿Ω,2¡∂,0,4
2091,2019-02-27,"∫Ò,»Â∏≤",1¡∂,1,4
2092,2019-02-27,"∫Ò,»Â∏≤",2¡∂,1,3
2093,2019-02-28,∏º¿Ω,1¡∂,1,4
2094,2019-03-01,∏º¿Ω,1¡∂,1,4
2095,2019-02-28,∏º¿Ω,2¡∂,1,3
2096,2019-03-02,∏º¿Ω,2¡∂,0,4
2097,2019-03-03,∏º¿Ω,2¡∂,1,4
2098,2019-03-04,∏º¿Ω,1¡∂,1,4
2099,2019-03-04,∏º¿Ω,2¡∂,1,4
2100,2019-03-05,∏º¿Ω,1¡∂,1,4
2101,2019-03-05,∏º¿Ω,2¡∂,1,4
2102,2019-03-06,∏º¿Ω,1¡∂,1,3
2103,2019-03-06,∏º¿Ω,2¡∂,1,4
2104,2019-03-07,»Â∏≤,2¡∂,1,4
2105,2019-03-08,∏º¿Ω,2¡∂,1,3
2106,2019-03-07,∏º¿Ω,1¡∂,0,4
2107,2019-03-09,∏º¿Ω,1¡∂,0,4
2108,2019-03-08,∏º¿Ω,1¡∂,0,3
2109,2019-03-10,∫Ò,1¡∂,0,4
2110,2019-03-11,∏º¿Ω,1¡∂,1,3
2111,2019-03-11,∏º¿Ω,2¡∂,1,4
2112,2019-03-11,∏º¿Ω,3¡∂,0,3
2113,2019-03-12,∏º¿Ω,1¡∂,1,3
2114,2019-03-12,∏º¿Ω,2¡∂,1,4
2115,2019-03-11,∏º¿Ω,4¡∂,0,4
2116,2019-03-13,∏º¿Ω,1¡∂,1,3
2117,2019-03-13,∏º¿Ω,2¡∂,1,4
2118,2019-03-14,∏º¿Ω,1¡∂,1,3
2119,2019-03-14,∏º¿Ω,2¡∂,1,3
2120,2019-03-15,»Â∏≤,1¡∂,1,3
2121,2019-03-16,∏º¿Ω,1¡∂,1,4
2122,2019-03-15,»Â∏≤,2¡∂,1,4
2123,2019-03-17,∏º¿Ω,2¡∂,1,4
2124,2019-03-18,∏º¿Ω,2¡∂,1,3
2125,2019-03-18,∏º¿Ω,1¡∂,1,3
2126,2019-03-20,∏º¿Ω,1¡∂,1,4
2127,2019-03-19,∏º¿Ω,1¡∂,0,4
2128,2019-03-21,∏º¿Ω,1¡∂,1,3
2129,2019-03-21,∏º¿Ω,2¡∂,1,4
2130,2019-03-21,∏º¿Ω,3¡∂,0,3
2131,2019-03-21,∏º¿Ω,4¡∂,0,3
2132,2019-03-25,∏º¿Ω,1¡∂,0,3
2133,2019-03-26,∏º¿Ω,1¡∂,1,4
2134,2019-03-26,∏º¿Ω,2¡∂,1,4
2135,2019-03-25,∏º¿Ω,2¡∂,1,3
2136,2019-03-22,∏º¿Ω,1¡∂,0,4
2137,2019-03-22,∏º¿Ω,2¡∂,1,3
2138,2019-03-24,∏º¿Ω,2¡∂,0,4
2139,2019-03-23,"∫Ò,∏º¿Ω",2¡∂,0,4
2140,2019-03-27,∏º¿Ω,1¡∂,1,4
2141,2019-03-27,∏º¿Ω,2¡∂,0,4
2142,2019-03-28,∏º¿Ω,1¡∂,1,4
2143,2019-03-28,∏º¿Ω,2¡∂,0,4
2144,2019-03-29,∏º¿Ω,1¡∂,1,4
2145,2019-03-29,∏º¿Ω,2¡∂,0,4
2146,2019-04-01,∏º¿Ω,2¡∂,1,4
2147,2019-04-01,∏º¿Ω,1¡∂,1,4
2148,2019-03-31,∏º¿Ω,2¡∂,0,4
2149,2019-03-30,∏º¿Ω,2¡∂,0,4
2150,2019-04-02,∏º¿Ω,1¡∂,1,4
2151,2019-04-02,∏º¿Ω,2¡∂,1,3
2152,2019-04-03,∏º¿Ω,1¡∂,1,4
2153,2019-04-03,∏º¿Ω,2¡∂,1,4
2154,2019-04-04,∏º¿Ω,2¡∂,1,4
2155,2019-04-04,∏º¿Ω,1¡∂,1,3
2156,2019-04-05,∏º¿Ω,2¡∂,1,4
2157,2019-04-05,∏º¿Ω,1¡∂,1,4
2158,2019-04-06,∏º¿Ω,1¡∂,0,4
2159,2019-04-07,»Â∏≤,1¡∂,1,4
2160,2019-04-08,∏º¿Ω,1¡∂,1,3
2161,2019-04-08,∏º¿Ω,2¡∂,1,3
2162,2019-04-09,"∫Ò,»Â∏≤",1¡∂,1,3
2163,2019-04-09,"∫Ò,∏º¿Ω",2¡∂,1,3
2164,2019-04-10,"∫Ò,»Â∏≤",1¡∂,1,3
2165,2019-04-09,"∫Ò,»Â∏≤",3¡∂,0,3
2166,2019-04-10,"∫Ò,»Â∏≤",3¡∂,0,3
2167,2019-04-11,∏º¿Ω,1¡∂,1,3
2168,2019-04-10,»Â∏≤,2¡∂,1,3
2169,2019-04-11,∏º¿Ω,2¡∂,1,4
2170,2019-04-13,∏º¿Ω,2¡∂,1,4
2171,2019-04-12,∏º¿Ω,2¡∂,0,4
2172,2019-04-12,∏º¿Ω,1¡∂,1,4
2173,2019-04-15,∏º¿Ω,1¡∂,1,3
2174,2019-04-15,∏º¿Ω,2¡∂,1,4
2175,2019-04-14,∏º¿Ω,2¡∂,0,4
2176,2019-04-16,∏º¿Ω,1¡∂,1,4
2177,2019-04-16,∏º¿Ω,2¡∂,1,4
2178,2019-04-17,∏º¿Ω,1¡∂,1,3
2179,2019-04-17,∏º¿Ω,2¡∂,1,3
2180,2019-04-18,∏º¿Ω,1¡∂,1,3
2181,2019-04-18,∏º¿Ω,2¡∂,1,4
2182,2019-04-20,∏º¿Ω,1¡∂,0,4
2183,2019-04-19,»Â∏≤,1¡∂,1,4
2184,2019-04-19,»Â∏≤,2¡∂,1,4
2185,2019-04-21,»Â∏≤,2¡∂,0,4
2186,2019-04-22,∏º¿Ω,1¡∂,1,3
2187,2019-04-23,"∫Ò,»Â∏≤",2¡∂,1,3
2188,2019-04-23,"∫Ò,»Â∏≤",1¡∂,1,4
2189,2019-04-22,∏º¿Ω,2¡∂,1,3
2190,2019-04-24,»Â∏≤,1¡∂,1,4
2191,2019-04-24,∏º¿Ω,2¡∂,1,4
2192,2019-04-25,»Â∏≤,1¡∂,1,4
2193,2019-04-25,∏º¿Ω,2¡∂,1,4
2194,2019-04-26,∫Ò,1¡∂,1,3
2195,2019-04-26,∫Ò,2¡∂,1,4
2196,2019-04-27,∏º¿Ω,1¡∂,1,3
2197,2019-04-27,∏º¿Ω,2¡∂,0,4
2198,2019-04-29,∫Ò,1¡∂,1,4
2199,2019-04-30,»Â∏≤,1¡∂,1,3
2200,2019-05-01,∏º¿Ω,2¡∂,1,4
2201,2019-04-30,∫Ò,2¡∂,0,4
2202,2019-04-29,∫Ò,2¡∂,0,4
2203,2019-04-28,∏º¿Ω,2¡∂,0,4
2204,2019-04-29,∫Ò,4¡∂,0,3
2205,2019-04-29,∫Ò,3¡∂,0,3
2206,2019-05-02,∏º¿Ω,1¡∂,1,3
2207,2019-05-02,∏º¿Ω,2¡∂,1,3
2208,2019-05-04,∏º¿Ω,1¡∂,1,4
2209,2019-05-03,∏º¿Ω,1¡∂,1,3
2210,2019-05-03,∏º¿Ω,2¡∂,1,4
2211,2019-05-07,∏º¿Ω,1¡∂,0,4
2212,2019-05-08,∏º¿Ω,2¡∂,1,3
2213,2019-05-08,∏º¿Ω,1¡∂,1,3
2214,2019-05-07,∏º¿Ω,2¡∂,1,4
2215,2019-05-06,∏º¿Ω,2¡∂,1,4
2216,2019-05-05,∏º¿Ω,1¡∂,1,4
2217,2019-05-09,∏º¿Ω,1¡∂,1,4
2218,2019-05-09,∏º¿Ω,2¡∂,0,4
2219,2019-05-10,∏º¿Ω,2¡∂,1,4
2220,2019-05-11,∏º¿Ω,2¡∂,0,4
2221,2019-05-11,∏º¿Ω,1¡∂,1,3
2222,2019-05-10,∏º¿Ω,1¡∂,1,3
2223,2019-05-13,∏º¿Ω,1¡∂,1,4
2224,2019-05-12,∏º¿Ω,1¡∂,0,4
2225,2019-05-13,∏º¿Ω,2¡∂,1,4
2226,2019-05-14,∏º¿Ω,1¡∂,0,4
2227,2019-05-15,∏º¿Ω,1¡∂,1,3
2228,2019-05-15,∏º¿Ω,2¡∂,1,4
2229,2019-05-14,∏º¿Ω,2¡∂,1,4
2230,2019-05-16,∏º¿Ω,1¡∂,1,3
2231,2019-05-16,∏º¿Ω,2¡∂,1,4
2232,2019-05-17,∏º¿Ω,1¡∂,1,0
2233,2019-05-17,∏º¿Ω,2¡∂,0,3
2234,2019-05-18,"∫Ò,»Â∏≤",2¡∂,0,3
2235,2019-05-18,"∫Ò,»Â∏≤",1¡∂,0,3
2236,2019-05-19,"∫Ò,»Â∏≤",2¡∂,1,4
2237,2019-05-20,"∫Ò,∏º¿Ω",1¡∂,1,3
2238,2019-05-21,∏º¿Ω,2¡∂,1,4
2239,2019-05-21,∏º¿Ω,1¡∂,1,4
2240,2019-05-20,"∫Ò,∏º¿Ω",2¡∂,1,4
2241,2019-05-22,∏º¿Ω,1¡∂,1,3
2242,2019-05-22,∏º¿Ω,2¡∂,1,4
2243,2019-05-24,∏º¿Ω,1¡∂,1,3
2244,2019-05-24,∏º¿Ω,2¡∂,1,4
2245,2019-05-23,∏º¿Ω,2¡∂,1,3
2246,2019-05-23,∏º¿Ω,1¡∂,1,3
2247,2019-05-25,∏º¿Ω,1¡∂,1,3
2248,2019-05-26,∏º¿Ω,∆˜¿Â∫∏ºˆ¡∂,1,4
2249,2019-05-25,∏º¿Ω,2¡∂,1,3
2250,2019-05-27,∫Ò,1¡∂,1,4
2251,2019-05-27,∏º¿Ω,2¡∂,1,4
2252,2019-05-28,∏º¿Ω,1¡∂,1,4
2253,2019-05-28,∏º¿Ω,2¡∂,1,4
2254,2019-05-29,∏º¿Ω,1¡∂,1,4
2255,2019-05-29,∏º¿Ω,2¡∂,1,4
2256,2019-05-30,∏º¿Ω,1¡∂,1,4
2257,2019-05-30,∏º¿Ω,2¡∂,1,4
2258,2019-05-31,∏º¿Ω,1¡∂,1,4
2259,2019-06-01,∏º¿Ω,2¡∂,1,4
2260,2019-06-02,∏º¿Ω,∆˜¿Â∫∏ºˆ¡∂,1,4
2261,2019-06-03,∏º¿Ω,2¡∂,1,4
2262,2019-06-01,∏º¿Ω,1¡∂,1,4
2263,2019-06-03,∏º¿Ω,1¡∂,1,4
2264,2019-06-05,∏º¿Ω,2¡∂,1,4
2265,2019-06-04,∏º¿Ω,1¡∂,1,3
2266,2019-06-05,∏º¿Ω,1¡∂,1,4
2267,2019-06-07,"∫Ò,»Â∏≤",2¡∂,1,3
2268,2019-06-06,∏º¿Ω,1¡∂,1,4
2269,2019-06-07,∫Ò,1¡∂,1,4
2270,2019-06-08,∏º¿Ω,1¡∂,1,4
2271,2019-06-10,∏º¿Ω,1¡∂,1,3
2272,2019-06-09,∏º¿Ω,2¡∂,1,4
2273,2019-06-08,∏º¿Ω,2¡∂,1,3
2274,2019-06-10,∏º¿Ω,2¡∂,1,4
2275,2019-06-11,∏º¿Ω,2¡∂,1,4
2276,2019-06-11,∏º¿Ω,1¡∂,1,3
2277,2019-06-12,∏º¿Ω,2¡∂,1,4
2278,2019-06-12,∏º¿Ω,1¡∂,1,3
2279,2019-06-13,∏º¿Ω,2¡∂,1,4
2280,2019-06-13,∏º¿Ω,1¡∂,1,3
2281,2019-06-14,"∫Ò,»Â∏≤",2¡∂,1,3
2282,2019-06-14,»Â∏≤,1¡∂,1,3
2283,2019-06-15,∏º¿Ω,∆˜¿Â∫∏ºˆ¡∂,1,3
2284,2019-06-17,∏º¿Ω,2¡∂,1,3
2285,2019-06-18,»Â∏≤,2¡∂,1,4
2286,2019-06-18,∏º¿Ω,1¡∂,1,3
2287,2019-06-16,»Â∏≤,1¡∂,1,4
2288,2019-06-17,∏º¿Ω,1¡∂,1,3
2289,2019-06-19,»Â∏≤,1¡∂,1,3
2290,2019-06-19,∏º¿Ω,2¡∂,1,4
2291,2019-06-20,∏º¿Ω,1¡∂,1,3
2292,2019-06-21,∏º¿Ω,1¡∂,1,3
2293,2019-07-03,∏º¿Ω,2¡∂,1,4
2294,2019-06-22,∏º¿Ω,1¡∂,1,3
2295,2019-06-24,∏º¿Ω,1¡∂,1,3
2296,2019-06-23,∏º¿Ω,1¡∂,1,3
2297,2019-06-25,∏º¿Ω,1¡∂,1,3
2298,2019-07-26,∏º¿Ω,1¡∂,1,3
2299,2019-07-02,∏º¿Ω,2¡∂,1,4
2300,2019-06-27,∏º¿Ω,1¡∂,1,3
2301,2019-06-26,∫Ò,1¡∂,1,3
2302,2019-07-01,»Â∏≤,2¡∂,1,4
2303,2019-06-28,∏º¿Ω,1¡∂,1,3
2304,2019-06-30,∏º¿Ω,1¡∂,1,3
2305,2019-07-04,∏º¿Ω,2¡∂,1,4
2306,2019-07-01,»Â∏≤,1¡∂,1,4
2307,2019-07-02,»Â∏≤,1¡∂,1,4
2308,2019-07-03,∏º¿Ω,1¡∂,1,4
2309,2019-06-30,»Â∏≤,2¡∂,1,3
2310,2019-06-29,∫Ò,1¡∂,1,3
2311,2019-06-29,∫Ò,2¡∂,1,4
2312,2019-06-28,∏º¿Ω,2¡∂,1,4
2313,2019-07-04,∏º¿Ω,1¡∂,1,3
2314,2019-06-27,"∫Ò,∏º¿Ω",2¡∂,1,4
2315,2019-07-08,∏º¿Ω,1¡∂,1,4
2316,2019-07-07,∏º¿Ω,1¡∂,1,4
2317,2019-07-09,∏º¿Ω,1¡∂,1,4
2318,2019-06-20,∏º¿Ω,2¡∂,1,3
2319,2019-07-11,»Â∏≤,1¡∂,1,3
2320,2019-07-05,∏º¿Ω,1¡∂,1,4
2321,2019-07-06,∏º¿Ω,1¡∂,1,4
2322,2019-07-12,∏º¿Ω,1¡∂,1,3
2323,2019-06-21,∏º¿Ω,2¡∂,1,3
2324,2019-07-13,»Â∏≤,1¡∂,1,3
2325,2019-07-15,∏º¿Ω,1¡∂,1,4
2326,2019-06-22,∏º¿Ω,2¡∂,1,3
2327,2019-07-16,»Â∏≤,1¡∂,1,4
2328,2019-06-23,∏º¿Ω,2¡∂,1,3
2329,2019-07-17,»Â∏≤,1¡∂,1,4
2330,2019-06-24,∏º¿Ω,2¡∂,1,3
2331,2019-07-18,»Â∏≤,1¡∂,1,4
2332,2019-07-19,»Â∏≤,1¡∂,1,3
2333,2019-07-20,»Â∏≤,1¡∂,1,3
2334,2019-07-05,∏º¿Ω,2¡∂,1,4
2335,2019-07-06,∏º¿Ω,2¡∂,1,0
2336,2019-07-22,»Â∏≤,1¡∂,1,4
2337,2019-07-07,∏º¿Ω,2¡∂,1,4
2338,2019-07-21,»Â∏≤,1¡∂,1,3
2339,2019-07-08,∏º¿Ω,2¡∂,1,3
2340,2019-07-23,»Â∏≤,1¡∂,1,4
2341,2019-07-24,»Â∏≤,1¡∂,1,4
2342,2019-07-09,∏º¿Ω,2¡∂,1,4
2343,2019-07-28,∏º¿Ω,1¡∂,1,3
2344,2019-07-30,∏º¿Ω,1¡∂,1,4
2345,2019-07-31,∏º¿Ω,1¡∂,1,4
2346,2019-07-25,»Â∏≤,1¡∂,1,3
2347,2019-07-29,»Â∏≤,1¡∂,1,4
2348,2019-08-01,∏º¿Ω,1¡∂,1,4
2349,2019-08-02,∏º¿Ω,1¡∂,1,3
2350,2019-08-05,∏º¿Ω,1¡∂,1,3
2351,2019-08-04,∏º¿Ω,1¡∂,1,3
2352,2019-07-11,∏º¿Ω,2¡∂,1,3
2353,2019-08-06,∏º¿Ω,1¡∂,1,3
2354,2019-07-12,∏º¿Ω,2¡∂,1,3
2355,2019-07-13,∏º¿Ω,2¡∂,1,3
2356,2019-07-14,∏º¿Ω,2¡∂,1,3
2357,2019-07-15,∏º¿Ω,2¡∂,1,3
2358,2019-07-10,∫Ò,1¡∂,1,3
2359,2019-08-07,∏º¿Ω,1¡∂,1,3
2360,2019-08-08,∏º¿Ω,1¡∂,1,4
2361,2019-08-10,∏º¿Ω,1¡∂,1,4
2362,2019-08-13,∏º¿Ω,1¡∂,1,4
2363,2019-08-14,∏º¿Ω,1¡∂,1,4
2364,2019-08-15,∏º¿Ω,1¡∂,1,4
2365,2019-08-16,∏º¿Ω,1¡∂,1,4
2366,2019-08-17,∏º¿Ω,1¡∂,1,4
2367,2019-08-19,∏º¿Ω,1¡∂,1,3
2368,2019-08-21,∏º¿Ω,1¡∂,1,3
2369,2019-08-12,∏º¿Ω,1¡∂,1,4
2370,2019-08-20,∏º¿Ω,1¡∂,1,3
2371,2019-08-09,∏º¿Ω,1¡∂,1,3
2372,2019-08-11,∏º¿Ω,1¡∂,1,3
2373,2019-07-16,∏º¿Ω,2¡∂,3,3
2374,2019-07-17,∏º¿Ω,2¡∂,0,3
2375,2019-07-18,"∫Ò,»Â∏≤",2¡∂,0,3
2376,2019-08-20,∏º¿Ω,1¡∂,1,4
2377,2019-07-18,"∫Ò,»Â∏≤",2¡∂,0,3
2378,2019-08-22,∫Ò,1¡∂,1,4
2379,2019-07-20,∫Ò,2¡∂,0,3
2380,2019-08-27,∏º¿Ω,1¡∂,1,4
2381,2019-08-28,∏º¿Ω,1¡∂,1,3
2382,2019-08-23,∏º¿Ω,1¡∂,1,4
2383,2019-08-24,∏º¿Ω,1¡∂,1,4
2384,2019-07-21,"∫Ò,∏º¿Ω",2¡∂,1,3
2385,2019-07-22,∏º¿Ω,2¡∂,1,3
2386,2019-07-23,∏º¿Ω,2¡∂,1,3
2387,2019-07-24,»Â∏≤,2¡∂,1,3
2388,2018-07-25,»Â∏≤,2¡∂,1,3
2389,2019-07-25,»Â∏≤,2¡∂,1,3
2390,2019-07-26,»Â∏≤,2¡∂,1,3
2391,2019-07-28,∏º¿Ω,2¡∂,1,3
2392,2019-07-30,∏º¿Ω,2¡∂,1,3
2393,2019-07-31,∏º¿Ω,2¡∂,1,3
2394,2019-08-01,∏º¿Ω,1¡∂,1,3
2395,2019-08-02,∏º¿Ω,2¡∂,1,3
2396,2019-08-03,∏º¿Ω,2¡∂,1,3
2397,2019-08-05,∏º¿Ω,2¡∂,1,3
2398,2019-08-06,∫Ò,2¡∂,1,3
2399,2019-08-07,∏º¿Ω,2¡∂,1,3
2400,2019-08-08,∏º¿Ω,2¡∂,1,3
2401,2019-08-09,∏º¿Ω,2¡∂,1,3
2402,2019-08-12,∏º¿Ω,2¡∂,1,3
2403,2019-08-13,∏º¿Ω,2¡∂,1,3
2404,2019-08-14,∏º¿Ω,2¡∂,1,3
2405,2019-08-16,»Â∏≤,2¡∂,1,3
2406,2019-08-18,∏º¿Ω,2¡∂,1,3
2407,2019-08-19,∏º¿Ω,2¡∂,1,3
2408,2019-08-20,∏º¿Ω,2¡∂,1,3
2409,2019-08-21,»Â∏≤,2¡∂,1,3
2410,2019-08-22,"∫Ò,∏º¿Ω",2¡∂,1,3
2411,2019-08-23,∏º¿Ω,2¡∂,1,3
2412,2019-08-24,∏º¿Ω,2¡∂,1,3
2413,2019-08-25,∏º¿Ω,2¡∂,1,3
2414,2019-08-27,∫Ò,2¡∂,1,3
2415,2019-08-28,»Â∏≤,2¡∂,1,3
2416,2019-08-30,∏º¿Ω,2¡∂,1,3
2417,2019-09-01,»Â∏≤,2¡∂,1,3
2418,2019-09-02,∫Ò,2¡∂,1,3
2419,2019-09-03,"∫Ò,»Â∏≤",2¡∂,1,3
2420,2019-09-04,"∫Ò,»Â∏≤",2¡∂,1,3
2421,2019-09-05,∏º¿Ω,2¡∂,1,3
2422,2019-09-06,»Â∏≤,2¡∂,1,3
2423,2019-09-07,∫Ò,2¡∂,1,3
2424,2019-09-08,∏º¿Ω,2¡∂,1,3
2425,2019-09-09,"∫Ò,∏º¿Ω",2¡∂,1,3
2426,2019-09-10,∏º¿Ω,2¡∂,1,3
2427,2019-07-14,∏º¿Ω,2¡∂,1,3
2428,2019-07-17,∏º¿Ω,2¡∂,1,3
2429,2019-07-19,"∫Ò,»Â∏≤",2¡∂,1,3
2430,2019-07-22,,2¡∂,0,0
2431,2019-07-25,,1¡∂,0,0
2432,2019-07-25,,1¡∂,0,0
2433,2019-07-25,∏º¿Ω,2¡∂,0,0
2434,2019-07-26,,2¡∂,0,0
2435,2019-07-28,,2¡∂,0,0
2436,2019-07-30,,2¡∂,0,0
2437,2019-08-06,,2¡∂,0,0
2438,2019-08-08,,2¡∂,0,0
2439,2019-08-12,,2¡∂,0,0
2440,2019-08-18,,2¡∂,0,0
2441,2019-08-24,,2¡∂,0,0
2442,2019-08-26,,2¡∂,0,0
2443,2019-08-27,,2¡∂,0,0
2444,2019-08-30,,2¡∂,0,0
2445,2019-09-05,,2¡∂,0,0
2446,2019-09-07,,2¡∂,0,0
2447,2019-09-08,,2¡∂,0,0
2448,2019-09-09,,2¡∂,0,0
2449,2019-07-13,,2¡∂,0,0
2450,2019-07-14,,2¡∂,0,0
2451,2019-07-16,,2¡∂,0,0
2452,2019-07-17,,2¡∂,0,0
2453,2019-07-18,,2¡∂,0,0
2454,2019-07-19,,2¡∂,0,0
2455,2019-07-20,,2¡∂,0,0
2456,2019-08-26,∏º¿Ω,1¡∂,1,4
2457,2019-09-05,∏º¿Ω,1¡∂,1,4
2458,2019-09-06,»Â∏≤,1¡∂,1,4
2459,2019-09-07,"∫Ò,∏º¿Ω",1¡∂,1,3
2460,2019-09-08,∏º¿Ω,1¡∂,1,3
2461,2019-09-09,∏º¿Ω,1¡∂,1,3
2462,2019-09-10,∏º¿Ω,1¡∂,1,3
2463,2019-09-11,∏º¿Ω,1¡∂,1,3
2464,2019-09-16,∏º¿Ω,1¡∂,1,3
2465,2019-08-29,∏º¿Ω,1¡∂,1,4
2466,2019-09-02,∫Ò,1¡∂,1,4
2467,2019-09-03,∫Ò,1¡∂,1,4
2468,2019-09-04,∫Ò,1¡∂,1,4
2469,2019-08-30,∏º¿Ω,1¡∂,1,4
2470,2019-08-31,∏º¿Ω,1¡∂,1,4
2471,2019-09-14,∏º¿Ω,1¡∂,1,3
2472,2019-07-23,∏º¿Ω,2¡∂,1,3
2473,2019-07-24,,2¡∂,0,0
2474,2019-07-25,,2¡∂,0,0
2475,2019-07-26,,2¡∂,0,0
2476,2019-07-28,,2¡∂,0,0
2477,2019-07-30,,2¡∂,0,0
2478,2019-07-31,,2¡∂,0,0
2479,2019-08-01,,2¡∂,0,0
2480,2019-08-02,,2¡∂,0,0
2481,2019-09-17,,2¡∂,0,0
2482,2019-08-04,,2¡∂,0,0
2483,2019-08-06,,2¡∂,0,0
2484,2019-08-07,,2¡∂,0,0
2485,2019-08-08,,2¡∂,0,0
2486,2019-08-09,,2¡∂,0,0
2487,2019-08-11,,2¡∂,0,0
2488,2019-08-12,,2¡∂,0,0
2489,2019-08-13,,2¡∂,0,0
2490,2019-08-14,,2¡∂,0,0
2491,2019-08-18,,2¡∂,0,0
2492,2019-08-20,,2¡∂,0,0
2493,2019-08-22,,2¡∂,0,0
2494,2019-08-23,,2¡∂,0,0
2495,2019-08-24,,2¡∂,0,0
2496,2019-08-26,,2¡∂,0,0
2497,2019-08-27,,2¡∂,0,0
2498,2019-08-30,,2¡∂,0,0
2499,2019-09-01,,2¡∂,0,0
2500,2019-09-05,,2¡∂,0,0
2501,2019-09-06,,2¡∂,0,0
2502,2019-09-07,,2¡∂,0,0
2503,2019-09-08,,2¡∂,0,0
2504,2019-09-09,,2¡∂,0,0
2505,2019-09-10,,2¡∂,0,0
2506,2019-09-11,,2¡∂,0,0
2507,2019-09-12,,2¡∂,0,0
2508,2019-09-16,,2¡∂,0,0
2509,2019-07-12,,2¡∂,0,0
2510,2019-07-10,,2¡∂,0,0
2511,2019-07-13,,2¡∂,0,0
2512,2019-07-16,,2¡∂,0,0
2513,2019-07-17,,2¡∂,0,0
2514,2019-08-19,,2¡∂,0,0
2515,2019-08-22,,2¡∂,0,0
2516,2019-07-23,,2¡∂,0,0
2517,2019-07-28,,2¡∂,0,0
2518,2019-07-31,,2¡∂,0,0
2519,2019-08-04,,2¡∂,0,0
2520,2019-08-13,,2¡∂,0,0
2521,2019-08-16,,2¡∂,0,0
2522,2019-08-18,,2¡∂,0,0
2523,2019-08-19,,2¡∂,0,0
2524,2019-08-22,,2¡∂,0,0
2525,2019-08-28,,2¡∂,0,0
2526,2019-08-30,,2¡∂,0,0
2527,2019-09-02,,2¡∂,0,0
2528,2019-09-04,,2¡∂,0,0
2529,2019-09-07,,2¡∂,0,0
2530,2019-09-08,,2¡∂,0,0
2531,2019-09-10,,2¡∂,0,0
2532,2019-09-11,,2¡∂,0,0
2533,2019-09-11,,2¡∂,0,0
2534,2019-09-16,,2¡∂,0,0
2535,2019-09-11,,2¡∂,0,0
2536,2019-09-12,,2¡∂,0,0
2537,2019-07-27,∏º¿Ω,1¡∂,1,4
2538,2019-07-27,∏º¿Ω,2¡∂,1,3
2539,2019-09-15,∏º¿Ω,2¡∂,1,3
2540,2019-09-16,∏º¿Ω,2¡∂,1,3
2541,2019-09-17,∏º¿Ω,2¡∂,1,3
2542,2019-09-18,∏º¿Ω,2¡∂,1,3
2543,2019-09-17,,2¡∂,0,0
2544,2019-09-17,,2¡∂,0,0
2545,2019-09-18,∏º¿Ω,2¡∂,0,0
2546,2019-09-18,,2¡∂,0,0
2547,2019-09-19,∏º¿Ω,2¡∂,1,3
2548,2019-09-17,∏º¿Ω,1¡∂,1,3
2549,2019-09-18,∏º¿Ω,1¡∂,1,3
2550,2019-09-19,∏º¿Ω,1¡∂,1,3
2551,2019-09-20,∏º¿Ω,1¡∂,1,4
2552,2019-09-22,∫Ò,1¡∂,1,3
2553,2019-09-24,∏º¿Ω,1¡∂,1,4
2554,2019-09-21,∫Ò,1¡∂,1,3
2555,2019-09-23,∫Ò,1¡∂,1,4
2556,2019-09-25,∏º¿Ω,1¡∂,1,4
2557,2019-09-26,∏º¿Ω,1¡∂,1,4
2558,2019-09-22,∫Ò,2¡∂,1,3
2559,2019-09-25,∏º¿Ω,2¡∂,1,3
2560,2019-09-23,»Â∏≤,2¡∂,1,3
2561,2019-09-24,∏º¿Ω,2¡∂,1,3
2562,2019-09-20,»Â∏≤,2¡∂,1,3
2563,2019-09-21,∫Ò,2¡∂,1,3
2564,2019-09-26,∏º¿Ω,2¡∂,1,3
2565,2019-09-22,∫Ò,2¡∂,1,3
2566,2019-09-23,»Â∏≤,2¡∂,1,3
2567,2019-09-27,∏º¿Ω,1¡∂,1,4
2568,2019-09-28,∏º¿Ω,1¡∂,1,3
2569,2019-09-29,∏º¿Ω,1¡∂,1,4
2570,2019-10-01,∏º¿Ω,1¡∂,1,3
2571,2019-10-02,∫Ò,1¡∂,1,3
2572,2019-10-04,∏º¿Ω,1¡∂,1,4
2573,2019-10-05,∏º¿Ω,1¡∂,1,3
2574,2019-10-06,∏º¿Ω,1¡∂,1,3
2575,2019-10-07,∏º¿Ω,1¡∂,1,3
2576,2019-09-30,∏º¿Ω,1¡∂,1,0
2577,2019-09-27,∏º¿Ω,2¡∂,1,3
2578,2019-09-28,»Â∏≤,2¡∂,1,3
2579,2019-09-30,∏º¿Ω,2¡∂,1,3
2580,2019-10-01,"∫Ò,»Â∏≤",2¡∂,1,3
2581,2019-10-02,∫Ò,2¡∂,1,3
2582,2019-10-04,∏º¿Ω,2¡∂,1,3
2583,2019-10-05,∏º¿Ω,2¡∂,1,3
2584,2019-10-07,∫Ò,2¡∂,1,3
2585,2019-10-08,∏º¿Ω,2¡∂,1,3
2586,2019-10-10,∏º¿Ω,2¡∂,1,3
2587,2019-10-11,∏º¿Ω,2¡∂,1,3
2588,2019-10-12,∏º¿Ω,2¡∂,1,3
2589,2019-10-14,∏º¿Ω,2¡∂,1,3
2590,2019-10-15,∏º¿Ω,3¡∂,1,3
2591,2019-10-16,∏º¿Ω,2¡∂,1,3
2592,2019-10-17,∏º¿Ω,2¡∂,1,3
2593,2019-10-18,∫Ò,2¡∂,1,3
2594,2019-10-19,∏º¿Ω,2¡∂,11,3
2595,2019-10-21,∏º¿Ω,2¡∂,1,3
2596,2019-10-22,∏º¿Ω,2¡∂,1,3
2597,2019-09-29,»Â∏≤,2¡∂,1,3
2598,2019-10-15,∏º¿Ω,2¡∂,1,3
2599,2019-10-08,∏º¿Ω,1¡∂,1,4
2600,2019-10-09,∏º¿Ω,1¡∂,1,4
2601,2019-10-10,∏º¿Ω,1¡∂,1,4
2602,2019-10-23,»Â∏≤,2¡∂,1,3
2603,2019-10-11,∏º¿Ω,1¡∂,1,4
2604,2019-10-14,∏º¿Ω,1¡∂,1,4
2605,2019-10-24,»Â∏≤,2¡∂,1,3
2606,2019-10-15,»Â∏≤,1¡∂,1,4
2607,2019-10-25,∏º¿Ω,2¡∂,1,3
2608,2019-10-17,∏º¿Ω,1¡∂,1,4
2609,2019-10-18,∏º¿Ω,1¡∂,1,4
2610,2019-10-21,∏º¿Ω,1¡∂,1,3
2611,2019-10-22,∏º¿Ω,1¡∂,1,3
2612,2019-10-23,∏º¿Ω,1¡∂,1,3
2613,2019-10-24,∏º¿Ω,1¡∂,1,3
2614,2019-10-25,∏º¿Ω,1¡∂,1,4
2615,2019-10-16,∏º¿Ω,1¡∂,1,4
2616,2019-10-20,∏º¿Ω,1¡∂,1,3
2617,2019-10-27,∏º¿Ω,1¡∂,1,4
2618,2019-10-28,∏º¿Ω,1¡∂,1,3
2619,2019-10-30,∏º¿Ω,1¡∂,1,3
2620,2019-10-29,∏º¿Ω,1¡∂,1,3
2621,2019-10-26,∏º¿Ω,1¡∂,1,4
2622,2019-10-28,∏º¿Ω,2¡∂,1,3
2623,2019-11-04,∏º¿Ω,1¡∂,1,4
2624,2019-10-29,∏º¿Ω,2¡∂,1,3
2625,2019-11-05,∏º¿Ω,1¡∂,1,3
2626,2019-11-06,∏º¿Ω,1¡∂,1,3
2627,2019-10-31,∏º¿Ω,1¡∂,1,4
2628,2019-10-30,∏º¿Ω,2¡∂,1,3
2629,2019-10-31,∏º¿Ω,2¡∂,1,3
2630,2019-11-01,∏º¿Ω,1¡∂,1,4
2631,2019-11-01,∏º¿Ω,2¡∂,1,3
2632,2019-10-13,∏º¿Ω,1¡∂,1,4
2633,2019-11-02,∏º¿Ω,2¡∂,1,3
2634,2019-11-04,∏º¿Ω,2¡∂,1,3
2635,2019-11-03,∏º¿Ω,1¡∂,1,4
2636,2019-11-05,∏º¿Ω,2¡∂,1,3
2637,2019-11-06,∏º¿Ω,2¡∂,1,3
2638,2019-11-08,∏º¿Ω,1¡∂,1,4
2639,2019-11-09,∏º¿Ω,1¡∂,1,4
2640,2019-11-10,∏º¿Ω,1¡∂,1,4
2641,2019-11-11,∏º¿Ω,1¡∂,1,4
2642,2019-11-12,∏º¿Ω,1¡∂,1,4
2643,2019-11-13,∏º¿Ω,1¡∂,1,4
2644,2019-11-18,∏º¿Ω,1¡∂,1,4
2645,2019-11-16,∏º¿Ω,1¡∂,1,4
2646,2019-11-20,∏º¿Ω,1¡∂,1,4
2647,2019-11-19,∏º¿Ω,1¡∂,1,4
2648,2019-11-14,∏º¿Ω,1¡∂,1,4
2649,2019-11-15,∏º¿Ω,1¡∂,1,4
2650,2019-11-22,∏º¿Ω,1¡∂,1,4
2651,2019-11-23,∏º¿Ω,1¡∂,1,4
2652,2019-11-26,∏º¿Ω,1¡∂,1,4
2653,2019-11-27,∏º¿Ω,1¡∂,1,4
2654,2019-11-25,∏º¿Ω,1¡∂,1,4
2655,2019-11-21,∏º¿Ω,1¡∂,1,4
2656,2019-11-28,∏º¿Ω,1¡∂,1,4
2657,2019-11-29,∏º¿Ω,1¡∂,1,4
2658,2019-12-02,∏º¿Ω,1¡∂,1,4
2659,2019-11-08,∏º¿Ω,2¡∂,1,3
2660,2019-11-11,∏º¿Ω,2¡∂,1,3
2661,2019-11-12,∏º¿Ω,2¡∂,1,3
2662,2019-11-14,∏º¿Ω,2¡∂,1,3
2663,2019-11-15,∏º¿Ω,2¡∂,1,3
2664,2019-11-17,"∫Ò,»Â∏≤",2¡∂,1,3
2665,2019-11-18,»Â∏≤,2¡∂,1,3
2666,2019-11-19,∏º¿Ω,2¡∂,1,3
2667,2019-11-20,∏º¿Ω,2¡∂,1,3
2668,2019-11-21,∏º¿Ω,2¡∂,1,3
2669,2019-11-22,∏º¿Ω,2¡∂,1,3
2670,2019-11-24,∏º¿Ω,2¡∂,1,3
2671,2019-11-25,»Â∏≤,2¡∂,1,3
2672,2019-11-26,∏º¿Ω,2¡∂,1,3
2673,2019-12-27,»Â∏≤,2¡∂,1,3
2674,2019-11-28,»Â∏≤,2¡∂,1,3
2675,2019-11-29,∏º¿Ω,2¡∂,1,3
2676,2019-11-30,∏º¿Ω,2¡∂,1,3
2677,2019-12-01,∫Ò,2¡∂,1,3
2678,2019-12-02,∏º¿Ω,2¡∂,1,3
2679,2019-11-13,»Â∏≤,2¡∂,1,3
2680,2019-11-27,»Â∏≤,2¡∂,1,3
2681,2019-11-07,∏º¿Ω,2¡∂,0,1
2682,2019-12-03,∏º¿Ω,2¡∂,1,3
2683,2019-12-04,∏º¿Ω,2¡∂,1,3
2684,2019-12-03,»Â∏≤,1¡∂,1,4
2685,2019-12-04,»Â∏≤,1¡∂,1,4
2686,2019-12-05,∏º¿Ω,2¡∂,1,3
2687,2019-12-06,∏º¿Ω,2¡∂,1,3
2688,2019-12-09,∏º¿Ω,2¡∂,1,3
2689,2019-12-10,∏º¿Ω,2¡∂,1,3
2690,2019-12-07,∏º¿Ω,1¡∂,1,4
2691,2019-12-05,∏º¿Ω,2¡∂,1,3
2692,2019-12-05,∏º¿Ω,1¡∂,1,4
2693,2019-12-08,∏º¿Ω,1¡∂,1,4
2694,2019-12-06,∏º¿Ω,1¡∂,1,4
2695,2019-12-09,∏º¿Ω,1¡∂,1,4
2696,2019-12-10,∏º¿Ω,1¡∂,1,4
2697,2019-12-11,∏º¿Ω,1¡∂,1,3
2698,2019-12-16,∏º¿Ω,1¡∂,1,4
2699,2019-12-13,∏º¿Ω,1¡∂,1,4
2700,2019-12-17,∏º¿Ω,1¡∂,1,4
2701,2019-12-13,∏º¿Ω,2¡∂,1,3
2702,2019-12-12,∏º¿Ω,1¡∂,1,4
2703,2019-12-17,»Â∏≤,2¡∂,1,3
2704,2019-12-11,∏º¿Ω,2¡∂,1,3
2705,2019-12-15,∏º¿Ω,1¡∂,1,4
2706,2019-12-12,∏º¿Ω,2¡∂,1,3
2707,2019-12-18,∏º¿Ω,1¡∂,0,0
2708,2019-12-16,∏º¿Ω,2¡∂,1,3
2709,2019-12-18,∏º¿Ω,2¡∂,1,3
2710,2019-12-19,∏º¿Ω,1¡∂,1,4
2711,2019-12-19,∏º¿Ω,2¡∂,1,3
2712,2019-12-23,∏º¿Ω,1¡∂,1,4
2713,2019-12-20,∏º¿Ω,2¡∂,1,3
2714,2019-12-21,∏º¿Ω,2¡∂,1,3
2715,2019-12-23,∏º¿Ω,2¡∂,1,3
2716,2019-12-24,∏º¿Ω,1¡∂,1,4
2717,2019-12-24,∏º¿Ω,2¡∂,1,3
2718,2019-12-26,"∫Ò,»Â∏≤",2¡∂,1,3
2719,2019-12-30,»Â∏≤,2¡∂,1,3
2720,2019-12-27,∏º¿Ω,1¡∂,1,4
2721,2019-12-31,∏º¿Ω,2¡∂,1,3
2722,2019-12-30,∏º¿Ω,1¡∂,1,4
2723,2019-12-25,,∆˜¿Â∫∏ºˆ¡∂,1,4
2724,2019-12-14,∏º¿Ω,2¡∂,1,3
2725,2019-12-27,∏º¿Ω,1¡∂,1,4
2726,2019-12-25,∏º¿Ω,1¡∂,1,4
2727,2019-12-26,∏º¿Ω,1¡∂,1,4
2728,2019-12-25,∏º¿Ω,2¡∂,1,3
2729,2019-12-29,∏º¿Ω,1¡∂,1,4
2730,2019-12-30,∏º¿Ω,1¡∂,1,4
2731,2019-12-31,»Â∏≤,1¡∂,1,4
2732,2019-12-28,∏º¿Ω,2¡∂,1,3
2733,2020-01-03,∏º¿Ω,1¡∂,1,4
2734,2020-01-06,∫Ò,∆˜¿Â∫∏ºˆ¡∂,1,4
2735,2020-01-07,∫Ò,∆˜¿Â∫∏ºˆ¡∂,1,4
2736,2020-01-08,»Â∏≤,∆˜¿Â∫∏ºˆ¡∂,1,4
2737,2020-01-09,∫Ò,1¡∂,1,4
2738,2020-01-10,∫Ò,1¡∂,1,4
2739,2020-01-11,∏º¿Ω,1¡∂,1,3
2740,2020-01-13,∏º¿Ω,∆˜¿Â∫∏ºˆ¡∂,1,4
2741,2020-01-14,∏º¿Ω,1¡∂,1,4
2742,2020-01-12,∏º¿Ω,∆˜¿Â∫∏ºˆ¡∂,1,4
2743,2020-01-07,∫Ò,1¡∂,1,4
2744,2020-01-03,∏º¿Ω,2¡∂,1,4
2745,2020-01-04,∏º¿Ω,2¡∂,1,3
2746,2020-01-02,∏º¿Ω,1¡∂,1,3
2747,2020-01-06,∫Ò,2¡∂,1,4
2748,2020-01-07,∫Ò,2¡∂,1,4
2749,2020-01-08,»Â∏≤,2¡∂,1,4
2750,2020-01-05,∏º¿Ω,1¡∂,1,4
2751,2020-01-13,∏º¿Ω,2¡∂,1,4
2752,2020-01-06,∏º¿Ω,1¡∂,1,4
2753,2020-01-14,»Â∏≤,2¡∂,1,4
2754,2020-01-02,∏º¿Ω,2¡∂,1,4
2755,2020-01-15,∏º¿Ω,1¡∂,1,3
2756,2020-01-09,∏º¿Ω,2¡∂,1,4
2757,2020-01-08,"∫Ò,»Â∏≤",1¡∂,1,4
2758,2020-01-12,∏º¿Ω,1¡∂,1,4
2759,2020-01-15,∏º¿Ω,2¡∂,1,4
2760,2020-01-13,∏º¿Ω,1¡∂,1,4
2761,2020-01-10,∏º¿Ω,2¡∂,1,4
2762,2020-01-16,∏º¿Ω,1¡∂,1,4
2763,2020-01-01,∏º¿Ω,1¡∂,1,3
2764,2020-01-17,∏º¿Ω,1¡∂,1,4
2765,2020-01-20,∏º¿Ω,1¡∂,1,4
2766,2020-01-21,∏º¿Ω,1¡∂,1,4
2767,2020-01-22,∫Ò,1¡∂,1,4
2768,2020-01-19,∏º¿Ω,1¡∂,1,4
2769,2020-01-23,∏º¿Ω,1¡∂,1,4
2770,2020-01-28,∏º¿Ω,1¡∂,1,4
2771,2020-01-29,∏º¿Ω,1¡∂,1,4
2772,2020-01-30,∏º¿Ω,1¡∂,1,4
2773,2020-01-31,∏º¿Ω,1¡∂,1,4
2774,2020-02-01,∏º¿Ω,1¡∂,1,4
2775,2020-02-04,∏º¿Ω,1¡∂,1,3
2776,2020-02-03,∏º¿Ω,1¡∂,1,4
2777,2020-01-24,∏º¿Ω,1¡∂,1,4
2778,2020-02-05,∏º¿Ω,1¡∂,1,3
2779,2020-02-06,∏º¿Ω,1¡∂,1,4
2780,2020-02-11,∏º¿Ω,1¡∂,1,4
2781,2020-02-12,∏º¿Ω,1¡∂,1,4
2782,2020-02-07,∏º¿Ω,1¡∂,1,4
2783,2020-02-09,∏º¿Ω,1¡∂,1,4
2784,2020-01-21,∏º¿Ω,2¡∂,1,2
2785,2020-01-26,»Â∏≤,2¡∂,1,3
2786,2020-01-28,»Â∏≤,2¡∂,1,3
2787,2020-01-29,»Â∏≤,2¡∂,1,3
2788,2020-01-30,∏º¿Ω,2¡∂,1,3
2789,2020-01-31,∏º¿Ω,2¡∂,1,3
2790,2020-02-02,∏º¿Ω,2¡∂,1,3
2791,2020-02-03,∏º¿Ω,2¡∂,1,3
2792,2020-02-04,∏º¿Ω,2¡∂,1,3
2793,2020-02-05,∏º¿Ω,2¡∂,1,3
2794,2020-02-06,∏º¿Ω,2¡∂,1,3
2795,2020-02-10,∏º¿Ω,2¡∂,1,3
2796,2020-02-11,∏º¿Ω,2¡∂,1,3
2797,2020-02-12,∫Ò,2¡∂,1,3
2798,2020-02-14,∏º¿Ω,2¡∂,1,3
2799,2020-02-16,∏º¿Ω,2¡∂,1,3
2800,2020-01-17,∏º¿Ω,2¡∂,1,3
2801,2020-01-18,∏º¿Ω,2¡∂,1,3
2802,2020-01-22,"∫Ò,»Â∏≤",2¡∂,1,3
2803,2020-02-07,∏º¿Ω,2¡∂,1,3
2804,2020-02-18,∏º¿Ω,2¡∂,1,3
2805,2020-01-16,∏º¿Ω,2¡∂,1,3
2806,2020-01-23,∫Ò,2¡∂,1,3
2807,2020-02-17,∏º¿Ω,2¡∂,1,3
2808,2020-02-14,∏º¿Ω,1¡∂,1,4
2809,2020-02-17,∏º¿Ω,1¡∂,1,4
2810,2020-02-08,∏º¿Ω,1¡∂,1,4
2811,2020-01-12,∏º¿Ω,2¡∂,1,4
2812,2020-02-10,∏º¿Ω,1¡∂,1,4
2813,2020-01-20,∏º¿Ω,2¡∂,1,4
2814,2020-02-13,∏º¿Ω,1¡∂,1,4
2815,2020-02-15,∏º¿Ω,1¡∂,1,4
2816,2020-02-20,∏º¿Ω,1¡∂,1,4
2817,2020-02-21,∏º¿Ω,1¡∂,1,4
2818,2020-02-25,∏º¿Ω,1¡∂,1,4
2819,2020-02-26,∏º¿Ω,1¡∂,1,4
2820,2020-02-27,∏º¿Ω,1¡∂,1,3
2821,2020-02-28,∏º¿Ω,1¡∂,1,4
2822,2020-03-02,∏º¿Ω,1¡∂,1,4
2823,2020-02-18,∏º¿Ω,1¡∂,1,4
2824,2020-02-19,∏º¿Ω,1¡∂,1,4
2825,2020-02-24,∏º¿Ω,1¡∂,1,4
2826,2020-03-02,∏º¿Ω,1¡∂,1,4
2827,2020-02-22,∏º¿Ω,1¡∂,1,4
2828,2020-03-03,∏º¿Ω,1¡∂,1,4
2829,2020-03-04,∏º¿Ω,1¡∂,1,4
2830,2020-02-25,∏º¿Ω,2¡∂,1,4
2831,2020-02-26,∏º¿Ω,2¡∂,1,4
2832,2020-02-29,»Â∏≤,2¡∂,1,4
2833,2020-03-02,∏º¿Ω,2¡∂,1,3
2834,2020-03-03,∏º¿Ω,2¡∂,1,4
2835,2020-03-04,∏º¿Ω,2¡∂,1,4
2836,2020-01-27,∏º¿Ω,1¡∂,1,4
2837,2020-02-23,∏º¿Ω,2¡∂,1,3
2838,2020-02-24,∏º¿Ω,2¡∂,1,3
2839,2020-02-13,∏º¿Ω,2¡∂,1,4
2840,2020-02-19,∏º¿Ω,2¡∂,1,4
2841,2020-02-20,∏º¿Ω,2¡∂,1,4
2842,2020-02-21,∏º¿Ω,2¡∂,1,4
2843,2020-02-27,∏º¿Ω,2¡∂,1,3
2844,2020-02-28,"∫Ò,»Â∏≤",2¡∂,1,4
2845,2020-02-28,"∫Ò,»Â∏≤",2¡∂,1,3
2846,2020-03-01,∏º¿Ω,2¡∂,1,3
2847,2020-03-05,∏º¿Ω,2¡∂,1,4
2848,2020-03-09,»Â∏≤,2¡∂,1,4
2849,2020-03-10,∫Ò,2¡∂,1,4
2850,2020-03-11,∏º¿Ω,2¡∂,1,4
2851,2020-03-12,∏º¿Ω,2¡∂,1,4
2852,2020-03-13,∏º¿Ω,2¡∂,1,4
2853,2020-03-06,∏º¿Ω,2¡∂,1,4
2854,2020-03-05,∏º¿Ω,1¡∂,1,4
2855,2020-03-07,∏º¿Ω,1¡∂,1,4
2856,2020-03-09,∏º¿Ω,1¡∂,1,4
2857,2020-03-11,∏º¿Ω,1¡∂,1,4
2858,2020-03-13,∏º¿Ω,1¡∂,1,4
2859,2020-03-14,∏º¿Ω,1¡∂,1,4
2860,2020-03-16,∏º¿Ω,1¡∂,1,4
2861,2020-03-10,∏º¿Ω,1¡∂,1,4
2862,2020-03-06,∏º¿Ω,1¡∂,1,4
2863,2020-03-08,∏º¿Ω,1¡∂,1,4
2864,2020-03-12,∏º¿Ω,1¡∂,1,4
2865,2020-03-16,∏º¿Ω,2¡∂,1,4
2866,2020-03-17,»Â∏≤,2¡∂,1,4
2867,2020-03-24,∏º¿Ω,2¡∂,1,4
2868,2020-03-27,"∫Ò,∏º¿Ω",2¡∂,1,4
2869,2020-03-29,∏º¿Ω,2¡∂,1,4
2870,2020-03-31,∏º¿Ω,2¡∂,1,4
2871,2020-03-17,∏º¿Ω,1¡∂,1,4
2872,2020-03-18,∏º¿Ω,1¡∂,1,4
2873,2020-03-18,∏º¿Ω,2¡∂,1,4
2874,2020-03-19,∏º¿Ω,2¡∂,1,4
2875,2020-03-26,∏º¿Ω,1¡∂,1,3
2876,2020-03-23,∏º¿Ω,2¡∂,1,4
2877,2020-03-27,∫Ò,1¡∂,1,3
2878,2020-03-25,∏º¿Ω,2¡∂,1,4
2879,2020-03-26,»Â∏≤,2¡∂,1,4
2880,2020-03-19,∏º¿Ω,1¡∂,1,4
2881,2020-03-27,∫Ò,2¡∂,1,4
2882,2020-03-21,∏º¿Ω,1¡∂,1,4
2883,2020-03-30,∏º¿Ω,2¡∂,1,4
2884,2020-03-15,∏º¿Ω,2¡∂,1,3
2885,2020-03-16,∏º¿Ω,2¡∂,1,3
2886,2020-03-17,∏º¿Ω,2¡∂,1,3
2887,2020-03-20,∏º¿Ω,2¡∂,1,3
2888,2020-03-21,∏º¿Ω,2¡∂,1,3
2889,2020-03-20,∏º¿Ω,1¡∂,1,4
2890,2020-03-22,∏º¿Ω,1¡∂,1,4
2891,2020-03-23,∏º¿Ω,1¡∂,1,4
2892,2020-03-24,∏º¿Ω,1¡∂,1,4
2893,2020-03-25,∏º¿Ω,1¡∂,1,4
2894,2020-03-30,∏º¿Ω,1¡∂,1,4
2895,2020-03-28,∏º¿Ω,1¡∂,1,3
2896,2020-04-01,∏º¿Ω,1¡∂,1,4
2897,2020-04-02,∏º¿Ω,1¡∂,1,4
2898,2020-04-03,∏º¿Ω,1¡∂,1,4
2899,2020-03-31,∏º¿Ω,1¡∂,1,4
2900,2020-04-01,∏º¿Ω,2¡∂,1,4
2901,2020-04-03,∏º¿Ω,2¡∂,1,4
2902,2020-04-07,∏º¿Ω,2¡∂,1,4
2903,2020-04-08,∏º¿Ω,2¡∂,1,4
2904,2020-04-02,∏º¿Ω,2¡∂,1,4
2905,2020-04-06,∏º¿Ω,2¡∂,1,4
2906,2020-04-04,∏º¿Ω,1¡∂,1,4
2907,2020-04-05,∏º¿Ω,1¡∂,1,4
2908,2020-04-06,∏º¿Ω,1¡∂,1,4
2909,2020-04-07,∏º¿Ω,1¡∂,1,4
2910,2020-04-08,∏º¿Ω,1¡∂,1,4
2911,2020-04-09,∏º¿Ω,1¡∂,1,4
2912,2020-04-10,∏º¿Ω,1¡∂,1,4
2913,2020-04-13,∏º¿Ω,1¡∂,1,4
2914,2020-04-14,∏º¿Ω,1¡∂,1,4
2915,2020-04-08,∏º¿Ω,2¡∂,1,3
2916,2020-04-09,∏º¿Ω,2¡∂,1,3
2917,2020-04-22,,1¡∂,0,0
2918,2020-04-11,»Â∏≤,2¡∂,1,3
2919,2020-04-12,"∫Ò,»Â∏≤",2¡∂,1,3
2920,2020-04-13,∏º¿Ω,2¡∂,1,3
2921,2020-04-14,∏º¿Ω,2,1,3
2922,2020-04-16,∏º¿Ω,2¡∂,1,3
2923,2020-04-17,"∫Ò,»Â∏≤",2¡∂,1,3
2924,2020-04-19,∫Ò,2¡∂,1,3
2925,2020-04-20,∏º¿Ω,2¡∂,1,3
2926,2020-04-21,∏º¿Ω,2¡∂,1,3
2927,2020-04-22,∏º¿Ω,2¡∂,1,3
2928,2020-04-10,»Â∏≤,2¡∂,1,3
2929,2020-04-14,∏º¿Ω,2¡∂,1,3
2930,2020-04-23,∏º¿Ω,2¡∂,1,4
2931,2020-04-24,∏º¿Ω,2¡∂,1,4
2932,2020-04-29,∏º¿Ω,2¡∂,1,4
2933,2020-05-02,∏º¿Ω,2¡∂,1,4
2934,2020-05-06,∏º¿Ω,2¡∂,1,4
2935,2020-04-27,∏º¿Ω,2¡∂,1,4
2936,2020-04-25,∏º¿Ω,2¡∂,1,4
2937,2020-04-16,∏º¿Ω,1¡∂,1,4
2938,2020-04-17,∏º¿Ω,1¡∂,1,3
2939,2020-04-04,∏º¿Ω,1¡∂,1,4
2940,2020-04-18,∏º¿Ω,1¡∂,1,4
2941,2020-04-20,∏º¿Ω,1¡∂,1,4
2942,2020-04-21,∏º¿Ω,1¡∂,1,4
2943,2020-04-22,∏º¿Ω,1¡∂,1,4
2944,2020-04-23,∏º¿Ω,1¡∂,1,4
2945,2020-04-24,∏º¿Ω,1¡∂,1,4
2946,2020-04-26,∏º¿Ω,1¡∂,1,4
2947,2020-04-27,∏º¿Ω,1¡∂,1,4
2948,2020-04-28,∏º¿Ω,1¡∂,1,4
2949,2020-04-29,∏º¿Ω,1¡∂,1,4
2950,2020-04-30,∏º¿Ω,1¡∂,1,4
2951,2020-05-01,∏º¿Ω,1¡∂,1,4
2952,2020-05-03,∏º¿Ω,1¡∂,1,4
2953,2020-05-04,∏º¿Ω,1¡∂,1,4
2954,2020-05-06,∏º¿Ω,1¡∂,1,3
2955,2020-05-05,∏º¿Ω,1¡∂,1,4
2956,2020-05-07,∏º¿Ω,1¡∂,1,4
2957,2020-05-08,∏º¿Ω,1¡∂,1,4
2958,2020-05-10,∏º¿Ω,1¡∂,1,4
2959,2020-05-11,∏º¿Ω,1¡∂,1,4
2960,2020-04-28,∏º¿Ω,2¡∂,1,4
2961,2011-05-07,∏º¿Ω,2¡∂,1,3
2962,2020-05-07,∏º¿Ω,2¡∂,1,3
2963,2020-05-08,∏º¿Ω,2¡∂,1,3
2964,2020-05-09,∫Ò,2¡∂,1,3
2965,2020-05-12,∏º¿Ω,2¡∂,1,3
2966,2020-05-12,∏º¿Ω,2¡∂,1,3
2967,2020-05-13,∏º¿Ω,2¡∂,1,3
2968,2020-05-14,∏º¿Ω,2¡∂,1,3
2969,2020-05-15,"∫Ò,»Â∏≤",2¡∂,1,3
2970,2020-05-16,∏º¿Ω,2¡∂,1,3
2971,2020-05-18,»Â∏≤,2¡∂,1,3
2972,2020-05-19,»Â∏≤,2¡∂,1,3
2973,2020-05-20,∏º¿Ω,2¡∂,1,3
2974,2020-05-11,∏º¿Ω,2¡∂,1,3
2975,2020-05-22,∏º¿Ω,2¡∂,1,4
2976,2020-05-24,∏º¿Ω,2¡∂,1,4
2977,2020-05-25,∏º¿Ω,2¡∂,1,4
2978,2020-05-26,∏º¿Ω,2¡∂,1,4
2979,2020-05-21,»Â∏≤,2¡∂,1,4
2980,2020-05-27,∏º¿Ω,2¡∂,1,4
2981,2020-05-28,∏º¿Ω,2¡∂,1,3
2982,2020-05-29,∏º¿Ω,2¡∂,1,3
2983,2020-05-30,∏º¿Ω,2¡∂,1,3
2984,2020-06-05,∏º¿Ω,1¡∂,1,4
2985,2020-05-12,∏º¿Ω,1¡∂,1,4
2986,2020-05-13,∏º¿Ω,1¡∂,1,4
2987,2020-05-14,∏º¿Ω,1¡∂,1,4
2988,2020-05-15,∏º¿Ω,1¡∂,1,4
2989,2020-05-17,∏º¿Ω,1¡∂,1,4
2990,2020-05-18,∏º¿Ω,1¡∂,1,4
2991,2020-05-19,∏º¿Ω,1¡∂,1,4
2992,2020-05-20,∏º¿Ω,1¡∂,1,4
2993,2020-05-21,∏º¿Ω,1¡∂,1,4
2994,2020-05-23,∏º¿Ω,1¡∂,1,4
2995,2020-05-22,∏º¿Ω,1¡∂,1,4
2996,2020-05-25,∏º¿Ω,1¡∂,1,4
2997,2020-05-26,∏º¿Ω,1¡∂,1,4
2998,2020-05-27,∏º¿Ω,1¡∂,1,4
2999,2020-05-28,∏º¿Ω,1¡∂,1,4
3000,2020-05-29,∏º¿Ω,1¡∂,1,4
3001,2020-05-31,∏º¿Ω,1¡∂,1,4
3002,2020-06-01,∏º¿Ω,1¡∂,1,4
3003,2020-06-02,∏º¿Ω,1¡∂,1,3
3004,2020-06-03,∏º¿Ω,1¡∂,1,4
3005,2020-06-04,∏º¿Ω,1¡∂,1,4
3006,2020-06-01,∏º¿Ω,2¡∂,1,2
3007,2020-06-02,∏º¿Ω,2¡∂,1,2
3008,2020-06-03,∏º¿Ω,2¡∂,1,2
3009,2020-06-04,∏º¿Ω,2¡∂,1,2
3010,2020-06-05,∏º¿Ω,2¡∂,1,2
3011,2020-06-07,∏º¿Ω,2¡∂,1,2
3012,2020-06-08,∏º¿Ω,2¡∂,1,2
3013,2020-06-10,∏º¿Ω,2¡∂,1,2
3014,2020-06-09,∏º¿Ω,2¡∂,1,2
3015,2020-06-13,∏º¿Ω,2¡∂,1,4
3016,2020-06-15,∏º¿Ω,2¡∂,1,3
3017,2020-06-16,∏º¿Ω,2¡∂,1,3
3018,2020-06-12,∏º¿Ω,2¡∂,1,4
3019,2020-06-11,∏º¿Ω,2¡∂,1,4
3020,2020-06-25,∏º¿Ω,2¡∂,1,4
3021,2020-06-06,∏º¿Ω,1¡∂,1,3
3022,2020-06-26,∏º¿Ω,2¡∂,1,4
3023,2020-06-08,∏º¿Ω,1¡∂,1,4
3024,2020-06-09,∏º¿Ω,1¡∂,1,4
3025,2020-06-10,∏º¿Ω,1¡∂,1,4
3026,2020-06-11,∏º¿Ω,1¡∂,1,4
3027,2020-06-12,»Â∏≤,1¡∂,1,4
3028,2020-06-15,∏º¿Ω,1¡∂,1,4
3029,2020-06-14,∏º¿Ω,1¡∂,1,4
3030,2020-06-16,∏º¿Ω,1¡∂,1,4
3031,2020-06-17,∏º¿Ω,1¡∂,1,4
3032,2020-06-18,∏º¿Ω,1¡∂,1,4
3033,2020-06-19,∏º¿Ω,1¡∂,1,4
3034,2020-06-20,∏º¿Ω,1¡∂,1,4
3035,2020-06-22,∏º¿Ω,1¡∂,1,4
3036,2020-06-21,∏º¿Ω,1¡∂,1,4
3037,2020-06-23,∏º¿Ω,1¡∂,1,4
3038,2020-06-24,∏º¿Ω,1¡∂,1,4
3039,2020-06-25,∏º¿Ω,1¡∂,1,4
3040,2020-06-26,∏º¿Ω,1¡∂,1,4
3041,2020-06-28,∏º¿Ω,1¡∂,1,4
3042,2020-06-29,»Â∏≤,1¡∂,1,4
3043,2020-06-30,∏º¿Ω,1¡∂,1,4
3044,2020-07-01,∏º¿Ω,1¡∂,1,3
3045,2020-07-02,∏º¿Ω,1¡∂,1,3
3046,2020-07-03,»Â∏≤,1¡∂,1,4
3047,2020-07-04,∏º¿Ω,1¡∂,1,3
3048,2020-07-05,∏º¿Ω,1¡∂,1,4
3049,2020-06-27,∏º¿Ω,2¡∂,1,4
3050,2020-06-29,∏º¿Ω,1¡∂,1,4
3051,2020-07-22,,1¡∂,0,0
3052,2020-07-22,,1¡∂,0,0
3053,2020-06-29,»Â∏≤,2¡∂,1,4
3054,2020-06-30,»Â∏≤,2¡∂,1,4
3055,2020-07-06,∏º¿Ω,1¡∂,1,3
3056,2020-07-07,∏º¿Ω,1¡∂,1,3
3057,2020-07-08,»Â∏≤,1¡∂,1,4
3058,2020-07-09,∏º¿Ω,1¡∂,1,3
3059,2020-07-10,∏º¿Ω,1¡∂,1,3
3060,2020-07-12,∏º¿Ω,1¡∂,1,3
3061,2020-07-13,∏º¿Ω,1¡∂,1,3
3062,2020-07-14,∏º¿Ω,1¡∂,1,3
3063,2020-07-15,∏º¿Ω,1¡∂,1,3
3064,2020-07-16,∏º¿Ω,1¡∂,1,3
3065,2020-07-17,∏º¿Ω,1¡∂,1,3
3066,2020-07-20,∏º¿Ω,1¡∂,1,4
3067,2020-07-18,∏º¿Ω,1¡∂,1,3
3068,2020-07-01,»Â∏≤,2¡∂,0,4
3069,2020-07-02,»Â∏≤,2¡∂,0,4
3070,2020-07-03,»Â∏≤,2¡∂,0,3
3071,2020-07-06,»Â∏≤,2¡∂,0,4
3072,2020-07-07,∏º¿Ω,2¡∂,0,4
3073,2020-07-08,∏º¿Ω,2¡∂,0,4
3074,2020-07-09,∏º¿Ω,2¡∂,0,4
3075,2020-07-10,∫Ò,2¡∂,0,3
3076,2020-07-11,∏º¿Ω,2¡∂,0,4
3077,2020-07-13,∫Ò,2¡∂,0,4
3078,2020-07-14,"∫Ò,»Â∏≤",2¡∂,0,4
3079,2020-07-15,∫Ò,2¡∂,0,4
3080,2020-07-16,∏º¿Ω,2¡∂,0,4
3081,2020-07-17,∏º¿Ω,2¡∂,0,3
3082,2020-07-19,»Â∏≤,2¡∂,0,4
3083,2020-07-20,"∫Ò,»Â∏≤",2¡∂,0,4
3084,2020-07-21,∫Ò,2¡∂,0,4
3085,2020-07-25,∫Ò,1¡∂,1,4
3086,2020-07-25,∫Ò,2¡∂,1,4
3087,2020-07-26,∫Ò,1¡∂,1,4
3088,2020-07-26,∫Ò,2¡∂,1,4
